step,type,amount,nameOrig,oldbalanceOrg,newbalanceOrig,nameDest,oldbalanceDest,newbalanceDest,isFraud,isFlaggedFraud
15,CASH_OUT,256394.02,C224057605,100.0,0.0,C1664597985,5017075.43,5273469.44,0,0
40,PAYMENT,3366.55,C872975174,0.0,0.0,M1947595695,0.0,0.0,0,0
331,PAYMENT,17360.44,C471892920,235145.0,217784.56,M644486165,0.0,0.0,0,0
186,CASH_OUT,121187.53,C84643221,90054.0,0.0,C1232356543,651926.67,773114.2,0,0
545,CASH_IN,15518.17,C1892805279,70352.0,85870.17,C1960671691,0.0,0.0,0,0
209,CASH_OUT,52606.64,C104952176,2832.0,0.0,C370904616,1097762.35,1150369.0,0,0
373,PAYMENT,13468.01,C414477920,0.0,0.0,M1415601705,0.0,0.0,0,0
276,CASH_IN,53682.91,C1954893655,7090448.34,7144131.25,C1056520990,387265.65,333582.75,0,0
408,CASH_IN,168021.07,C1631985412,5206401.74,5374422.81,C170292643,831048.64,663027.57,0,0
210,PAYMENT,1514.43,C1090265257,15806.0,14291.57,M472271994,0.0,0.0,0,0
14,CASH_IN,316457.72,C238483188,624620.44,941078.15,C873744218,1642282.11,1890003.59,0,0
135,PAYMENT,23385.4,C2100195118,99352.0,75966.6,M1192387402,0.0,0.0,0,0
156,CASH_OUT,123669.78,C1219403236,481.0,0.0,C2078155533,1223400.42,1347070.2,0,0
311,CASH_OUT,861172.93,C226947551,2165.62,0.0,C1074655989,979515.48,1840688.41,0,0
281,PAYMENT,9945.36,C771386106,613599.21,603653.85,M1587231561,0.0,0.0,0,0
250,CASH_IN,270258.48,C2030507002,14954.0,285212.48,C441414471,537107.62,266849.15,0,0
18,TRANSFER,780681.65,C1695326499,0.0,0.0,C1602475148,842942.04,1748702.07,0,0
158,TRANSFER,1705863.95,C1588411254,141444.0,0.0,C2062676957,0.0,1705863.95,0,0
132,CASH_IN,1377.66,C1287232080,681183.89,682561.55,C468189278,1824499.96,1823122.3,0,0
328,CASH_OUT,8036.71,C1825480817,0.0,0.0,C1722429318,221992.85,230029.56,0,0
255,CASH_IN,146874.08,C1235086624,201.0,147075.08,C462881357,189680.59,42806.51,0,0
187,CASH_IN,259977.52,C1962699387,3813079.69,4073057.2,C2077672286,9634200.45,9374222.94,0,0
309,PAYMENT,16634.72,C1558910307,0.0,0.0,M770732558,0.0,0.0,0,0
353,CASH_IN,24451.93,C1173069635,71377.0,95828.93,C1124786815,27535.29,3083.36,0,0
393,CASH_OUT,307504.67,C798348061,0.0,0.0,C725841883,6329893.83,6637398.51,0,0
327,PAYMENT,21208.62,C938235359,147268.0,126059.38,M2038722299,0.0,0.0,0,0
330,CASH_IN,93877.94,C1597469085,6738688.27,6832566.21,C584614964,3478054.82,3384176.88,0,0
46,CASH_OUT,297.97,C1770918793,17405.0,17107.03,C1925641351,132384.04,132682.01,0,0
282,CASH_OUT,63383.8,C464077996,182315.0,118931.2,C1635485005,87652.1,151035.9,0,0
136,CASH_OUT,102563.4,C1949309967,0.0,0.0,C1949009290,264931.21,367494.61,0,0
177,PAYMENT,14402.08,C881267210,56.0,0.0,M1308720179,0.0,0.0,0,0
404,CASH_IN,237871.62,C943908200,219210.0,457081.62,C890657551,4182902.95,3945031.33,0,0
210,PAYMENT,337.82,C1447795400,31089.0,30751.18,M79700838,0.0,0.0,0,0
163,CASH_IN,369481.36,C354670459,378143.58,747624.94,C921231656,1638105.68,1268624.32,0,0
133,PAYMENT,20976.33,C1326743331,136083.86,115107.53,M1736833755,0.0,0.0,0,0
329,PAYMENT,18426.45,C737003416,0.0,0.0,M498508793,0.0,0.0,0,0
25,CASH_OUT,62127.55,C1838926633,0.0,0.0,C2125105461,2283992.49,2346120.03,0,0
283,PAYMENT,11819.99,C26843346,302992.0,291172.01,M756182544,0.0,0.0,0,0
255,CASH_IN,383403.45,C865679549,4938996.64,5322400.09,C89266276,443870.46,60467.01,0,0
545,CASH_IN,174132.69,C1642548920,117593.0,291725.69,C1083083920,1507650.57,1333517.88,0,0
492,CASH_IN,143214.33,C973722318,1374.0,144588.33,C1037285390,629223.83,486009.5,0,0
165,CASH_OUT,236169.86,C1904651339,0.0,0.0,C44841254,2766363.87,3002533.73,0,0
183,CASH_IN,236340.36,C245852836,18597.0,254937.36,C483167675,280546.37,44206.01,0,0
277,CASH_OUT,15813.05,C1701888947,51012.0,35198.95,C1177985426,0.0,15813.05,0,0
329,CASH_OUT,244259.96,C1737495100,20317.0,0.0,C854052095,126407.67,370667.63,0,0
233,CASH_IN,164941.57,C306557189,3387855.75,3552797.33,C161401631,594327.0,429385.42,0,0
156,CASH_OUT,170550.28,C1302698816,0.0,0.0,C2112004926,234456.59,405006.86,0,0
138,CASH_OUT,230034.4,C718572973,30998.0,0.0,C560697918,83537.75,313572.15,0,0
10,CASH_OUT,99079.87,C650746943,259688.02,160608.15,C1784938289,724073.39,684772.91,0,0
158,PAYMENT,8384.05,C2024868912,248111.62,239727.57,M1797314726,0.0,0.0,0,0
281,CASH_OUT,37257.68,C863649254,0.0,0.0,C30455898,915653.99,952911.67,0,0
395,TRANSFER,735644.07,C1763201529,0.0,0.0,C616043720,844886.54,1580530.6,0,0
260,PAYMENT,5138.38,C159702886,0.0,0.0,M2090147555,0.0,0.0,0,0
254,CASH_OUT,232159.86,C215389695,30486.0,0.0,C1663414680,62613.03,294772.89,0,0
403,CASH_OUT,160243.48,C84920595,0.0,0.0,C142735009,895048.56,1055292.04,0,0
303,CASH_IN,146346.37,C1878055364,21252348.88,21398695.24,C360984171,303587.23,157240.87,0,0
278,CASH_OUT,150406.85,C269580655,14521.0,0.0,C1234983019,114962.6,265369.45,0,0
140,CASH_OUT,299192.19,C14681371,0.0,0.0,C994608664,365470.03,664662.21,0,0
15,CASH_IN,260271.21,C195444440,4264192.37,4524463.58,C990686084,1374625.14,1114353.93,0,0
178,PAYMENT,4331.24,C38161455,153095.56,148764.32,M27759994,0.0,0.0,0,0
250,CASH_OUT,354516.23,C1147853189,21060.0,0.0,C1034685341,80698.23,252896.47,0,0
13,CASH_IN,211579.96,C414031516,5242.0,216821.96,C557989222,514060.78,203557.16,0,0
13,PAYMENT,9434.68,C1290260886,407062.45,397627.77,M737146547,0.0,0.0,0,0
471,CASH_IN,430838.3,C1790644511,4358883.53,4789721.82,C1134009075,8436105.82,8005267.52,0,0
167,PAYMENT,1369.18,C1480434805,179601.0,178231.82,M1237522818,0.0,0.0,0,0
253,CASH_OUT,462728.66,C183521487,105.0,0.0,C973503875,176897.42,639626.08,0,0
347,CASH_OUT,545227.3,C1167252640,536.0,0.0,C12272989,101297.56,646524.86,0,0
42,PAYMENT,9373.83,C61750230,0.0,0.0,M103152109,0.0,0.0,0,0
347,CASH_IN,67882.34,C1603338953,0.0,67882.34,C2012345095,416783.81,348901.47,0,0
138,CASH_IN,212224.7,C2120576705,748660.0,960884.7,C79959881,0.0,0.0,0,0
188,PAYMENT,11013.56,C1732538399,0.0,0.0,M899926131,0.0,0.0,0,0
187,PAYMENT,15482.44,C84299433,0.0,0.0,M1259583010,0.0,0.0,0,0
393,PAYMENT,34497.96,C1548418716,15095.0,0.0,M103030847,0.0,0.0,0,0
206,CASH_IN,129289.62,C1657296927,927805.42,1057095.04,C1141315963,2291764.46,2162474.83,0,0
396,TRANSFER,723579.23,C1960215351,167902.0,0.0,C1384029046,14232217.06,14955796.29,0,0
212,TRANSFER,309356.42,C1163498565,0.0,0.0,C593911123,2368302.79,2677659.21,0,0
329,CASH_OUT,106047.62,C708549044,0.0,0.0,C1418590446,377336.03,483383.65,0,0
214,PAYMENT,16576.13,C823447967,0.0,0.0,M93299133,0.0,0.0,0,0
236,CASH_OUT,195346.99,C312187166,14778.0,0.0,C366311900,0.0,195346.99,0,0
402,CASH_IN,147209.49,C23558830,20877.0,168086.49,C207859259,842675.64,695466.14,0,0
13,CASH_IN,192725.12,C1830641678,61215.0,253940.12,C1171209683,427459.74,234734.62,0,0
201,CASH_OUT,314367.51,C142696173,82640.0,0.0,C1058429273,186343.11,500710.62,0,0
212,TRANSFER,61319.4,C441026058,10151.0,0.0,C895549746,14160.46,75479.86,0,0
187,PAYMENT,10649.73,C1077188233,0.0,0.0,M771124499,0.0,0.0,0,0
9,TRANSFER,31595.93,C1151566332,0.0,0.0,C2116153614,5563050.31,7237015.95,0,0
348,TRANSFER,524174.53,C378154533,0.0,0.0,C217466714,682424.66,1206599.18,0,0
157,CASH_OUT,625371.08,C1747531298,51430.0,0.0,C1506877192,1008824.16,1634195.24,0,0
525,CASH_OUT,139421.81,C1996341549,171491.0,32069.19,C1418090821,0.0,139421.81,0,0
251,CASH_OUT,89418.37,C225166867,0.0,0.0,C1615491488,157557.76,246976.13,0,0
162,PAYMENT,15735.25,C297614199,29580.72,13845.47,M1682745832,0.0,0.0,0,0
163,CASH_OUT,22031.58,C1331753655,21128.0,0.0,C1112705975,729957.61,751989.2,0,0
185,CASH_OUT,36465.57,C2031460083,0.0,0.0,C1862349596,149449.58,185915.15,0,0
401,TRANSFER,264524.34,C1541920068,11098.0,0.0,C2034402781,0.0,264524.34,0,0
386,CASH_OUT,69485.79,C1637424133,40650.0,0.0,C1137637240,815406.24,884892.02,0,0
393,CASH_OUT,62312.58,C850673349,0.0,0.0,C1483206444,2841539.54,2903852.12,0,0
381,PAYMENT,10339.61,C1459031942,0.0,0.0,M1828999542,0.0,0.0,0,0
323,CASH_OUT,351445.6,C1091509719,9740.0,0.0,C231199834,0.0,351445.6,0,0
306,CASH_OUT,84736.48,C1698023230,21283.0,0.0,C1243647970,885572.68,970309.16,0,0
332,PAYMENT,41948.36,C1904752020,0.0,0.0,M1792841791,0.0,0.0,0,0
139,CASH_OUT,310215.63,C1627963252,27361.0,0.0,C1547827943,127310.47,769342.71,0,0
227,PAYMENT,8228.26,C1517337257,160867.0,152638.74,M570347648,0.0,0.0,0,0
163,CASH_OUT,198450.35,C1686293128,0.0,0.0,C1875399093,911610.95,1110061.3,0,0
329,CASH_IN,421187.82,C1146381237,2229835.4,2651023.23,C900442201,571568.23,150380.4,0,0
261,CASH_OUT,184309.15,C2102109266,10006.0,0.0,C112659926,0.0,184309.15,0,0
235,CASH_OUT,73993.42,C909849292,20635.0,0.0,C1024978264,3196120.64,3270114.07,0,0
205,TRANSFER,359765.91,C1691110289,103375.0,0.0,C196646278,898327.44,1258093.34,0,0
41,CASH_IN,439604.26,C1431757923,2391929.69,2831533.95,C253973854,2031092.12,1591487.85,0,0
213,CASH_OUT,116543.66,C1141497903,0.0,0.0,C1349385394,692579.97,809123.63,0,0
284,PAYMENT,13392.88,C1848791506,2181.0,0.0,M438023311,0.0,0.0,0,0
232,PAYMENT,22132.35,C1517799259,202500.99,180368.64,M266321057,0.0,0.0,0,0
331,PAYMENT,7199.52,C353630403,0.0,0.0,M1609370954,0.0,0.0,0,0
304,TRANSFER,10000000.0,C920820268,0.0,0.0,C1723015419,10083472.84,23451566.54,0,0
162,CASH_OUT,118303.01,C2107473790,16133.0,0.0,C658552794,104387.73,222690.73,0,0
439,PAYMENT,1458.74,C1991973689,5904.0,4445.26,M194631366,0.0,0.0,0,0
204,CASH_OUT,166456.93,C1310298727,0.0,0.0,C863993578,3196697.64,3363154.57,0,0
255,CASH_OUT,24057.0,C432187178,0.0,0.0,C1968871052,257036.96,281093.96,0,0
333,CASH_IN,208484.95,C2090384696,607.0,209091.95,C1711278928,492223.05,283738.11,0,0
12,CASH_OUT,104546.8,C11538062,0.0,0.0,C301749835,493419.89,597966.68,0,0
161,CASH_OUT,133441.47,C1169075750,28621.0,0.0,C1574856446,506151.73,639593.2,0,0
324,CASH_IN,398003.55,C131208080,4849587.81,5247591.36,C1436316899,522931.29,124927.75,0,0
399,CASH_OUT,148150.16,C1496662858,0.0,0.0,C398300106,295683.76,443833.91,0,0
403,PAYMENT,4086.92,C1654898890,230575.0,226488.08,M927825082,0.0,0.0,0,0
227,CASH_IN,100211.56,C1726446713,4657689.49,4757901.05,C457832861,1855445.59,1755234.03,0,0
16,CASH_OUT,243560.27,C1502794897,0.0,0.0,C225278591,3610916.41,4274175.6,0,0
309,PAYMENT,2565.8,C2087902961,0.0,0.0,M1687101025,0.0,0.0,0,0
375,PAYMENT,12060.42,C1219401387,0.0,0.0,M1855093531,0.0,0.0,0,0
308,CASH_OUT,67176.6,C1537736122,5721.0,0.0,C1858639732,0.0,67176.6,0,0
177,TRANSFER,1512321.11,C430766732,0.0,0.0,C1903473386,5324279.86,6836600.97,0,0
332,CASH_IN,227938.99,C651176502,790174.09,1018113.08,C898219424,267344.52,39405.53,0,0
375,PAYMENT,20717.59,C2009038052,31835.0,11117.41,M773114808,0.0,0.0,0,0
180,PAYMENT,3210.9,C952500962,0.0,0.0,M1533338032,0.0,0.0,0,0
251,CASH_IN,291315.3,C294993282,1620617.91,1911933.22,C1850779330,1121113.84,829798.54,0,0
226,CASH_IN,384665.77,C66810548,129.0,384794.77,C1526979599,371599.57,0.0,0,0
16,CASH_OUT,110968.06,C1640777134,80562.0,0.0,C346747681,1830020.6,1940988.66,0,0
155,CASH_OUT,386128.9,C1002563285,11365.0,0.0,C1527944640,7516287.24,7710758.46,0,0
95,PAYMENT,17722.1,C1580722086,14309.93,0.0,M177899651,0.0,0.0,0,0
705,CASH_OUT,324073.5,C645834380,0.0,0.0,C1884931535,794971.81,1119045.31,0,0
301,CASH_OUT,99316.75,C2064455559,0.0,0.0,C2018669814,116448.68,215765.43,0,0
280,CASH_OUT,281249.08,C631977971,123078.0,0.0,C1812841633,2211875.97,2493125.05,0,0
324,PAYMENT,16542.41,C969202234,0.0,0.0,M508156406,0.0,0.0,0,0
323,CASH_OUT,197115.21,C1951513079,0.0,0.0,C1457383927,8631518.99,8828634.2,0,0
135,CASH_OUT,470811.93,C468780642,10437.0,0.0,C986827481,10990.9,481802.82,0,0
132,PAYMENT,7253.09,C671276863,0.0,0.0,M1417141419,0.0,0.0,0,0
131,CASH_OUT,257920.12,C291125630,3410.0,0.0,C1815768224,0.0,257920.12,0,0
251,PAYMENT,38774.37,C2095649296,1603.0,0.0,M1826828901,0.0,0.0,0,0
204,CASH_IN,178807.39,C200384271,260827.39,439634.79,C928105619,1144995.77,966188.37,0,0
346,CASH_OUT,96867.74,C962769762,11547.0,0.0,C564776775,612763.68,709631.42,0,0
189,TRANSFER,410296.02,C2100672170,0.0,0.0,C1824851324,441566.71,851862.74,0,0
188,PAYMENT,2525.64,C1661707609,0.0,0.0,M506147566,0.0,0.0,0,0
235,PAYMENT,4584.33,C1820493605,916352.21,911767.89,M671439037,0.0,0.0,0,0
332,CASH_OUT,127223.93,C409802231,1076.0,0.0,C3775660,476414.74,603638.67,0,0
349,CASH_IN,645317.45,C1018498038,631.0,645948.45,C1791561308,1998046.85,1352729.4,0,0
234,CASH_OUT,57369.08,C832493291,19029.0,0.0,C1020503083,0.0,57369.08,0,0
9,CASH_IN,49461.93,C931830206,7265141.36,7314603.3,C1413677222,3341525.85,4385436.85,0,0
180,PAYMENT,8856.03,C2102386738,0.0,0.0,M2135422266,0.0,0.0,0,0
155,CASH_IN,433380.53,C1035311128,1280748.49,1714129.02,C309650239,4477661.31,4044280.78,0,0
43,PAYMENT,10387.47,C703651090,119309.0,108921.53,M863800784,0.0,0.0,0,0
234,CASH_IN,20420.31,C1008347171,7639590.09,7660010.4,C1071981541,99424.28,79003.97,0,0
210,PAYMENT,33250.04,C777210381,0.0,0.0,M481772809,0.0,0.0,0,0
136,PAYMENT,25938.51,C785222862,51764.0,25825.49,M889272459,0.0,0.0,0,0
20,CASH_IN,1790.85,C1018107958,2156.0,3946.85,C1397115486,426041.3,576257.57,0,0
161,CASH_OUT,37754.66,C554939864,628.0,0.0,C1264098090,240171.77,277926.44,0,0
188,PAYMENT,6943.52,C1354138528,0.0,0.0,M1543964850,0.0,0.0,0,0
18,CASH_IN,153995.72,C110775604,16324784.32,16478780.05,C1077372866,325050.19,71031.99,0,0
379,CASH_OUT,90345.11,C282793214,69344.0,0.0,C2059054311,0.0,90345.11,0,0
230,CASH_OUT,356475.11,C667889615,186.0,0.0,C919242408,254415.03,610890.14,0,0
380,PAYMENT,1840.44,C986117032,11394.0,9553.56,M410417226,0.0,0.0,0,0
43,PAYMENT,12021.55,C17379451,250712.48,238690.94,M48134758,0.0,0.0,0,0
234,PAYMENT,13354.99,C1432675065,22184.52,8829.54,M739786769,0.0,0.0,0,0
153,PAYMENT,9465.93,C1511761614,0.0,0.0,M1949507425,0.0,0.0,0,0
381,PAYMENT,8536.7,C501464514,59901.0,51364.3,M1006603273,0.0,0.0,0,0
350,PAYMENT,20082.99,C1608145665,99179.0,79096.01,M364562014,0.0,0.0,0,0
259,CASH_OUT,156030.13,C320898719,0.0,0.0,C1410290060,361607.83,517637.96,0,0
139,CASH_OUT,248013.33,C451840216,170367.03,0.0,C883732083,819876.75,1088227.12,0,0
17,PAYMENT,7796.36,C147767811,0.0,0.0,M1520046366,0.0,0.0,0,0
134,CASH_IN,148057.42,C1671755400,6801888.99,6949946.41,C663955611,369249.49,221192.06,0,0
44,CASH_OUT,104679.21,C221285499,13091.0,0.0,C435365761,3967636.54,4072315.74,0,0
370,CASH_IN,112965.14,C599742958,6015.0,118980.14,C1535497496,2081878.85,1968913.71,0,0
178,CASH_IN,207561.42,C305785532,345213.93,552775.36,C2133592922,238681.9,31120.47,0,0
282,CASH_OUT,295526.88,C1051644586,0.0,0.0,C1377651566,2021747.66,2317274.54,0,0
280,CASH_OUT,179788.35,C1233161017,0.0,0.0,C384157554,254619.61,434407.96,0,0
264,PAYMENT,183.17,C1653186647,10345.0,10161.83,M593548316,0.0,0.0,0,0
141,PAYMENT,13527.45,C262079012,23067.89,9540.44,M1306887175,0.0,0.0,0,0
394,CASH_OUT,313912.61,C1196456088,31245.0,0.0,C2105494652,334021.66,647934.28,0,0
203,CASH_IN,408669.29,C1347537281,98821.0,507490.29,C1964407151,383418.31,0.0,0,0
298,CASH_IN,375757.65,C1995128277,26287.0,402044.65,C1615024984,0.0,0.0,0,0
141,CASH_IN,65686.46,C638087813,12413549.35,12479235.81,C1953283344,113178.55,47492.09,0,0
18,PAYMENT,1247.49,C1083257263,78538.0,77290.51,M751921877,0.0,0.0,0,0
166,PAYMENT,29022.08,C1866563963,187153.0,158130.92,M1907427476,0.0,0.0,0,0
287,CASH_OUT,207242.3,C957832852,0.0,0.0,C817012662,343806.12,551048.42,0,0
260,CASH_OUT,59986.27,C1400086170,0.0,0.0,C2107229671,197256.3,257242.57,0,0
16,CASH_OUT,77815.31,C531680917,0.0,0.0,C1986647970,269187.52,441893.17,0,0
345,TRANSFER,2613461.61,C2018022506,90827.0,0.0,C222766210,271541.9,2885003.51,0,0
204,CASH_IN,190208.65,C1707232232,5573850.54,5764059.19,C1890728806,975187.84,784979.19,0,0
164,CASH_IN,255824.31,C1983616125,11921460.61,12177284.92,C1368096080,717546.74,461722.43,0,0
234,CASH_OUT,139040.5,C1125791649,0.0,0.0,C741319083,484426.04,623466.53,0,0
255,PAYMENT,7593.41,C23599093,0.0,0.0,M88564500,0.0,0.0,0,0
11,CASH_IN,148482.47,C307201266,1002.0,149484.47,C2008782447,6210.0,0.0,0,0
254,TRANSFER,224990.27,C646051449,0.0,0.0,C484546321,10112787.57,10337777.84,0,0
333,CASH_OUT,35269.39,C1325450167,9040.0,0.0,C373859011,0.0,35269.39,0,0
281,CASH_IN,112234.65,C1321822128,309288.0,421522.65,C2145681175,0.0,0.0,0,0
258,CASH_IN,15050.24,C1233379577,1246450.54,1261500.78,C164961655,577059.82,562009.58,0,0
369,PAYMENT,15993.14,C1780184504,0.0,0.0,M734233690,0.0,0.0,0,0
236,CASH_OUT,59403.83,C402689802,54316.0,0.0,C2076839886,360744.29,420148.12,0,0
35,CASH_OUT,398877.37,C139985471,7159.0,0.0,C570544491,1484391.59,1883268.96,0,0
14,CASH_OUT,285461.0,C1543801357,11115.0,0.0,C1063910320,179138.53,464599.54,0,0
185,PAYMENT,10560.33,C152307910,0.0,0.0,M150329202,0.0,0.0,0,0
210,PAYMENT,1826.63,C396805246,253813.27,251986.64,M666180310,0.0,0.0,0,0
371,PAYMENT,10412.75,C1116834990,51133.0,40720.25,M670238414,0.0,0.0,0,0
239,TRANSFER,557199.07,C1244129973,0.0,0.0,C1308125128,4664792.27,5221991.34,0,0
22,CASH_OUT,164269.74,C866712559,0.0,0.0,C1588506027,313261.06,477530.81,0,0
594,CASH_OUT,254755.67,C1053245505,61527.0,0.0,C1426212853,0.0,254755.67,0,0
208,PAYMENT,4069.78,C889565904,285.0,0.0,M1452438222,0.0,0.0,0,0
185,CASH_IN,48386.73,C1088263488,8448927.37,8497314.1,C1505093318,187246.99,138860.26,0,0
305,PAYMENT,27267.78,C43252997,78070.0,50802.22,M854304896,0.0,0.0,0,0
380,CASH_OUT,126835.27,C690326052,78283.0,0.0,C302126420,126376.42,253211.7,0,0
354,CASH_OUT,176944.39,C1440523183,152.0,0.0,C1795229584,0.0,176944.39,0,0
710,TRANSFER,420701.93,C1738997327,30431.0,0.0,C1953783174,366268.53,786970.46,0,0
311,CASH_OUT,206000.28,C776525594,0.0,0.0,C1285462523,1134184.4,1340184.68,0,0
399,CASH_OUT,358537.78,C1713217187,2343.0,0.0,C178006458,1023469.46,1382007.24,0,0
235,PAYMENT,45312.13,C901786009,0.0,0.0,M1153879580,0.0,0.0,0,0
210,CASH_IN,321805.63,C1018432417,51845.0,373650.63,C602911880,0.0,0.0,0,0
19,CASH_OUT,82443.62,C1386675965,50796.0,0.0,C1611366479,1558140.77,797440.3,0,0
258,TRANSFER,601753.92,C110257033,0.0,0.0,C617412264,4182237.18,4783991.1,0,0
4,CASH_OUT,123974.95,C154923232,27160.24,0.0,C1850042097,285229.7,336737.08,0,0
250,TRANSFER,2523215.18,C154099078,5579.0,0.0,C902374309,15946.73,2539161.91,0,0
237,CASH_OUT,291594.21,C1253060262,30769.57,0.0,C777716179,653855.02,945449.23,0,0
157,TRANSFER,521617.66,C1052142786,21022.0,0.0,C953493371,358613.89,880231.55,0,0
155,CASH_OUT,52930.46,C497013976,42812.0,0.0,C1178207620,32553.75,85484.21,0,0
207,TRANSFER,500859.07,C1656551333,0.0,0.0,C998229176,585599.88,1086458.95,0,0
205,CASH_IN,436338.15,C1559931628,10436.0,446774.15,C395189229,98222.47,0.0,0,0
186,PAYMENT,2085.95,C1275450261,92257.1,90171.15,M1107995111,0.0,0.0,0,0
378,CASH_IN,63701.69,C1292919012,10836888.73,10900590.42,C1203778454,6949949.87,6886248.19,0,0
202,PAYMENT,4859.62,C758379884,379848.0,374988.38,M1633389785,0.0,0.0,0,0
134,CASH_OUT,84201.74,C1641172831,30763.0,0.0,C2071190575,19666.45,103868.19,0,0
20,CASH_OUT,122350.17,C1317583781,206798.0,84447.83,C1683003443,8612652.05,8735002.22,0,0
301,CASH_IN,5776.73,C322582014,52164.0,57940.73,C1884030820,133498.77,127722.05,0,0
324,TRANSFER,1946195.32,C659484717,0.0,0.0,C318322468,2067680.81,4013876.13,0,0
346,CASH_OUT,82906.27,C1748264136,2707.0,0.0,C1631476899,0.0,82906.27,0,0
690,PAYMENT,9458.86,C686477564,10927.0,1468.14,M1397246570,0.0,0.0,0,0
276,PAYMENT,17181.2,C1250531944,0.0,0.0,M1246142868,0.0,0.0,0,0
397,CASH_IN,134288.5,C93613612,17414183.52,17548472.02,C214968809,57357442.95,57223154.45,0,0
7,PAYMENT,3922.01,C273066660,122.0,0.0,M799887602,0.0,0.0,0,0
154,PAYMENT,24527.73,C1445119538,488045.06,463517.33,M1651231909,0.0,0.0,0,0
43,CASH_OUT,25771.19,C1463421499,19071.0,0.0,C1139920969,978135.75,1003906.94,0,0
19,CASH_IN,52584.27,C1322690629,7889341.64,7941925.9,C831775261,277655.16,225070.89,0,0
132,CASH_IN,192186.32,C942098206,199463.0,391649.32,C684475608,64179.2,0.0,0,0
426,PAYMENT,12353.29,C1601175163,0.0,0.0,M6862080,0.0,0.0,0,0
322,CASH_IN,269625.71,C698947836,7300021.32,7569647.04,C408038703,331647.57,62021.86,0,0
18,PAYMENT,3200.57,C998964137,30991.0,27790.43,M518038650,0.0,0.0,0,0
160,PAYMENT,18920.85,C65383128,291032.67,272111.82,M541011453,0.0,0.0,0,0
36,CASH_IN,230670.31,C568150948,34805.0,265475.31,C378571952,0.0,0.0,0,0
376,CASH_IN,27988.18,C1969992964,16734.0,44722.18,C941892113,128308.83,100320.66,0,0
159,CASH_OUT,302856.56,C693451877,0.0,0.0,C1105308215,1179356.99,1482213.55,0,0
17,CASH_OUT,406305.24,C1182349151,104037.0,0.0,C1517016560,2309173.89,2715479.13,0,0
206,CASH_OUT,38939.06,C1051423119,52443.79,13504.74,C1929473275,129808.0,168747.06,0,0
262,CASH_IN,20435.6,C1794106327,12178.45,32614.05,C441149725,2289388.66,2268953.06,0,0
524,PAYMENT,27050.31,C1064031668,277.0,0.0,M1482815314,0.0,0.0,0,0
38,CASH_OUT,48215.04,C11948708,10749.0,0.0,C1206078962,4055985.47,4104200.51,0,0
301,PAYMENT,19797.18,C899986617,150794.38,130997.2,M473846622,0.0,0.0,0,0
252,CASH_IN,36172.57,C307856047,10937.0,47109.57,C1611855293,850810.77,814638.2,0,0
129,CASH_OUT,368942.41,C1894041162,83751.0,0.0,C734792061,0.0,368942.41,0,0
41,PAYMENT,16454.36,C1287453443,283060.27,266605.9,M1859942794,0.0,0.0,0,0
303,CASH_IN,73150.82,C1300229000,21548881.0,21622031.82,C1994024388,180499.51,107348.69,0,0
164,CASH_IN,18603.09,C965550118,2632757.74,2651360.83,C490898218,1285955.12,1267352.03,0,0
138,PAYMENT,14382.22,C83319611,0.0,0.0,M1152280496,0.0,0.0,0,0
186,CASH_OUT,63175.57,C272208137,15366.0,0.0,C1666165869,490897.43,554072.99,0,0
14,CASH_OUT,88495.49,C174861987,193665.12,105169.63,C307841806,1049584.39,4480738.82,0,0
355,PAYMENT,17666.7,C1486860396,125808.46,108141.76,M361969979,0.0,0.0,0,0
212,CASH_OUT,211292.49,C1696147114,0.0,0.0,C1423864188,2313244.77,2524537.26,0,0
371,CASH_OUT,165947.16,C413504122,207168.0,41220.84,C675537483,0.0,165947.16,0,0
8,PAYMENT,12669.32,C675107166,91827.0,79157.68,M1933870504,0.0,0.0,0,0
18,CASH_OUT,206668.72,C323719822,15544.0,0.0,C1308116807,444061.2,650729.93,0,0
250,PAYMENT,4501.88,C1975115555,0.0,0.0,M1633308562,0.0,0.0,0,0
153,TRANSFER,682901.33,C2135247848,0.0,0.0,C24119573,7464760.19,8147661.52,0,0
396,PAYMENT,4879.9,C592794713,0.0,0.0,M651727111,0.0,0.0,0,0
234,PAYMENT,3883.63,C2114619741,0.0,0.0,M115496424,0.0,0.0,0,0
705,CASH_OUT,83600.16,C2099577302,41335.0,0.0,C1216773282,601251.89,684852.04,0,0
158,TRANSFER,151352.15,C29333237,122591.0,0.0,C68529306,71405.15,222757.31,0,0
403,CASH_IN,222586.22,C2095487955,2334474.92,2557061.14,C1120133813,345962.99,123376.77,0,0
43,PAYMENT,15052.3,C1801668811,1103.0,0.0,M669499187,0.0,0.0,0,0
186,CASH_IN,227709.84,C1590172201,14141.0,241850.84,C1875998732,0.0,0.0,0,0
490,CASH_IN,231688.67,C1190972490,69.0,231757.67,C454663587,1415908.94,1184220.28,0,0
185,PAYMENT,3466.61,C1298306837,167728.0,164261.39,M1824857786,0.0,0.0,0,0
207,PAYMENT,19876.85,C229653964,55983.0,36106.15,M175198980,0.0,0.0,0,0
136,PAYMENT,3113.01,C224185271,43015.0,39901.99,M2034305046,0.0,0.0,0,0
348,CASH_IN,37386.4,C96697235,26996.0,64382.4,C1422588294,44240.01,6853.61,0,0
184,CASH_OUT,161413.22,C2063240523,0.0,0.0,C1258769737,1134949.22,1296362.44,0,0
138,CASH_OUT,293069.92,C1840164552,102909.0,0.0,C190541234,933849.84,1226919.77,0,0
130,CASH_IN,188822.32,C1241485023,6616028.87,6804851.19,C1305916910,1508396.73,1319574.41,0,0
372,CASH_OUT,330143.01,C668692636,40938.0,0.0,C481427836,1192406.55,1522549.56,0,0
235,CASH_OUT,134858.89,C712613048,14771.0,0.0,C263851747,0.0,134858.89,0,0
33,CASH_IN,214838.68,C170251298,189828.0,404666.68,C1431641977,113650.29,0.0,0,0
276,CASH_OUT,166888.62,C155166530,634171.0,467282.38,C1174138113,0.0,166888.62,0,0
132,CASH_OUT,61607.89,C1654189156,0.0,0.0,C1932933081,628108.23,689716.13,0,0
167,PAYMENT,341.59,C214790548,185.0,0.0,M1682468656,0.0,0.0,0,0
596,PAYMENT,8810.49,C1393259038,0.0,0.0,M566129580,0.0,0.0,0,0
13,CASH_OUT,102217.88,C891290582,0.0,0.0,C748014372,12805999.2,12800456.02,0,0
143,CASH_OUT,95783.11,C888517826,785103.19,689320.08,C1612658411,3906870.0,4002653.11,0,0
93,PAYMENT,3785.12,C1613822336,3755.87,0.0,M719970703,0.0,0.0,0,0
156,PAYMENT,4755.5,C1019423256,19549.0,14793.5,M1533141989,0.0,0.0,0,0
284,CASH_IN,506339.25,C996398263,3207191.94,3713531.18,C1557082275,1056723.33,550384.08,0,0
8,CASH_OUT,15604.56,C770189735,0.0,0.0,C745740822,360004.0,36350.43,0,0
253,CASH_OUT,104678.29,C161830186,0.0,0.0,C363603503,2477842.72,2582521.01,0,0
153,PAYMENT,7599.01,C499165838,0.0,0.0,M1750595513,0.0,0.0,0,0
229,CASH_IN,43596.24,C615788165,62102.0,105698.24,C205311041,0.0,0.0,0,0
207,CASH_OUT,451776.66,C897385412,0.0,0.0,C1064912325,3339472.4,3791249.06,0,0
379,PAYMENT,8014.43,C1018541888,10774.0,2759.57,M1902917703,0.0,0.0,0,0
402,PAYMENT,38553.21,C1727307015,1038.0,0.0,M773925856,0.0,0.0,0,0
13,TRANSFER,709953.79,C1994765886,0.0,0.0,C146305349,8511081.19,9221034.98,0,0
38,PAYMENT,3450.08,C969930614,0.0,0.0,M749542131,0.0,0.0,0,0
347,CASH_IN,33485.22,C501623537,32743.0,66228.22,C385346103,0.0,0.0,0,0
178,PAYMENT,7238.64,C1071814466,336924.74,329686.1,M339379321,0.0,0.0,0,0
257,CASH_OUT,44684.68,C560087759,20121.0,0.0,C1849788212,119058.27,163742.94,0,0
372,PAYMENT,11705.84,C1476967117,19895.0,8189.16,M1246363103,0.0,0.0,0,0
133,PAYMENT,24157.96,C531282311,226933.0,202775.04,M816687335,0.0,0.0,0,0
14,CASH_IN,120669.34,C1849142546,17336379.75,17457049.1,C1532589803,146702.43,0.0,0,0
14,CASH_OUT,145328.31,C379666745,0.0,0.0,C1011560708,228894.52,374222.84,0,0
252,CASH_OUT,7824.38,C916836181,0.0,0.0,C2034722008,89982.08,97806.46,0,0
372,CASH_OUT,16815.21,C1567050073,40971.0,24155.79,C932541597,0.0,16815.21,0,0
355,CASH_OUT,89560.57,C740092244,0.0,0.0,C1509149779,1194997.2,1284557.76,0,0
258,TRANSFER,102210.7,C491951158,0.0,0.0,C505722754,3747481.26,3849691.96,0,0
370,CASH_IN,381832.22,C1382438857,18480048.3,18861880.53,C1028206787,1113811.99,731979.77,0,0
348,CASH_IN,121532.96,C1284068377,10084.0,131616.96,C1249079277,1534541.47,1413008.51,0,0
207,CASH_IN,275497.61,C1337753253,6131128.1,6406625.71,C1003142967,3483573.39,3208075.79,0,0
44,PAYMENT,10709.41,C1744557803,470874.49,460165.08,M1603622515,0.0,0.0,0,0
403,CASH_OUT,69573.94,C844448749,0.0,0.0,C32800605,633994.84,703568.78,0,0
299,PAYMENT,3050.24,C70033544,378247.28,375197.05,M1198795195,0.0,0.0,0,0
134,CASH_OUT,240091.49,C708723122,5841.62,0.0,C1139783172,483262.72,723354.22,0,0
281,CASH_OUT,39768.73,C389681875,29774.0,0.0,C730745212,6016309.82,6056078.55,0,0
382,CASH_IN,55524.3,C198181056,4061977.56,4117501.86,C1416697900,1834060.37,1778536.07,0,0
299,PAYMENT,5030.17,C1226503670,79266.73,74236.57,M728189065,0.0,0.0,0,0
229,TRANSFER,832732.72,C291745715,45986.0,0.0,C537016000,0.0,832732.72,0,0
385,PAYMENT,4174.25,C1755644711,835.0,0.0,M2059111174,0.0,0.0,0,0
186,CASH_OUT,117394.96,C744365410,0.0,0.0,C897057791,1554198.2,1671593.16,0,0
283,PAYMENT,5568.89,C275580304,135468.0,129899.11,M1032104490,0.0,0.0,0,0
346,CASH_IN,193164.92,C68962834,163.0,193327.92,C790503058,195279.37,2114.45,0,0
395,CASH_OUT,298717.86,C954027803,2450.0,0.0,C584508537,1946544.71,2245262.57,0,0
370,CASH_OUT,16206.52,C399932046,21237.0,5030.48,C18233398,2515169.79,2531376.32,0,0
181,CASH_OUT,335080.08,C718147213,13273.0,0.0,C2035371798,0.0,335080.08,0,0
42,PAYMENT,29438.11,C374951819,11410.0,0.0,M1833206302,0.0,0.0,0,0
297,CASH_IN,207125.75,C291658378,13777445.93,13984571.69,C1952091535,341577.64,134451.89,0,0
16,PAYMENT,18786.58,C595812900,0.0,0.0,M1634568216,0.0,0.0,0,0
236,PAYMENT,22434.38,C1321870551,0.0,0.0,M685135086,0.0,0.0,0,0
326,TRANSFER,128228.18,C352683676,0.0,0.0,C1398552573,136372.57,264600.76,0,0
395,CASH_IN,202802.54,C654276301,3178545.48,3381348.02,C1035512019,347662.03,144859.49,0,0
405,PAYMENT,2226.93,C580051452,355035.0,352808.07,M407519763,0.0,0.0,0,0
230,CASH_OUT,99044.69,C2091609712,51115.0,0.0,C1889577142,531719.79,630764.48,0,0
347,TRANSFER,256235.98,C1281522144,82331.0,0.0,C1873784868,117664.73,373900.7,0,0
186,CASH_OUT,139095.47,C564041264,31872.0,0.0,C1236325131,0.0,139095.47,0,0
406,PAYMENT,1377.67,C1669445452,0.0,0.0,M1643578191,0.0,0.0,0,0
251,PAYMENT,20546.79,C1531675930,5535.0,0.0,M1543423563,0.0,0.0,0,0
254,PAYMENT,8371.58,C1839031668,0.0,0.0,M2140837440,0.0,0.0,0,0
302,TRANSFER,1482649.16,C454185411,2881.0,0.0,C401384378,0.0,1482649.16,0,0
308,CASH_OUT,208626.77,C1317170430,0.0,0.0,C1837571693,429993.03,638619.8,0,0
41,CASH_IN,140615.52,C1315386837,7078903.95,7219519.47,C175751705,180792.43,40176.91,0,0
331,CASH_IN,57882.51,C528154897,128.0,58010.51,C2109933187,0.0,0.0,0,0
239,PAYMENT,10913.32,C1488084739,61681.0,50767.68,M281629593,0.0,0.0,0,0
20,CASH_OUT,219576.18,C907766004,5085.0,0.0,C166484417,0.0,219576.18,0,0
12,CASH_IN,139151.2,C1302848298,6279842.2,6418993.4,C446307903,1344742.6,944168.56,0,0
298,PAYMENT,20962.83,C1279814184,279706.67,258743.84,M731426321,0.0,0.0,0,0
254,CASH_OUT,441302.93,C428934720,0.0,0.0,C236755846,905777.0,1347079.93,0,0
21,TRANSFER,2082592.91,C971443336,0.0,0.0,C497842538,2450830.08,4533422.99,0,0
308,CASH_OUT,129732.79,C1687407384,22120.0,0.0,C525124755,0.0,129732.79,0,0
642,CASH_OUT,336308.94,C2102783301,40295.0,0.0,C1305219704,0.0,336308.94,0,0
182,CASH_IN,448322.37,C1555881373,32237.0,480559.37,C851365047,2674294.96,2225972.59,0,0
332,TRANSFER,61620.83,C504393296,40002.0,0.0,C428347064,896236.46,957857.28,0,0
252,CASH_OUT,318408.21,C1748081349,0.0,0.0,C356682086,499640.78,818048.99,0,0
397,CASH_OUT,111107.54,C1173508891,0.0,0.0,C1608370918,3440342.34,3551449.88,0,0
155,CASH_OUT,169812.76,C533869218,11059.0,0.0,C1096227682,107555.33,277368.09,0,0
274,PAYMENT,13967.31,C631388267,0.0,0.0,M1353243689,0.0,0.0,0,0
281,PAYMENT,1020.25,C871766731,228693.28,227673.03,M704993577,0.0,0.0,0,0
95,PAYMENT,184.0,C939472062,107807.0,107623.0,M1418140285,0.0,0.0,0,0
210,CASH_OUT,143708.5,C1589183078,200976.0,57267.5,C704579115,87.22,143795.71,0,0
157,CASH_OUT,111992.96,C1110442160,0.0,0.0,C1302299273,330105.38,442098.34,0,0
204,TRANSFER,3657.92,C704644946,5019.0,1361.08,C1147831958,0.0,605761.24,0,0
255,CASH_OUT,435990.43,C987891229,49594.0,0.0,C2129549821,3940677.71,4376668.14,0,0
307,CASH_IN,333207.8,C2134555395,6672922.71,7006130.51,C1789346593,1045826.14,712618.35,0,0
129,CASH_OUT,215281.39,C886679503,288913.0,73631.61,C1067487232,52338.25,267619.64,0,0
322,CASH_OUT,212645.56,C221145604,0.0,0.0,C342773146,889298.5,1101944.05,0,0
258,CASH_OUT,168627.3,C1309390414,517.0,0.0,C306076407,244470.41,413097.71,0,0
596,CASH_OUT,68795.23,C1842571729,51350.0,0.0,C830494611,0.0,68795.23,0,0
237,CASH_IN,8585.45,C1186220623,2136355.16,2144940.6,C757389407,10856901.89,10848316.44,0,0
349,CASH_OUT,65142.14,C388132620,467309.0,402166.86,C782301468,0.0,18631.6,0,0
37,PAYMENT,11859.85,C1385303799,506.0,0.0,M1067068508,0.0,0.0,0,0
237,PAYMENT,10605.03,C1622819584,200988.0,190382.97,M2134859413,0.0,0.0,0,0
331,CASH_IN,65762.72,C809443344,1040867.76,1106630.49,C2146325566,79958.03,14195.3,0,0
18,PAYMENT,15008.25,C11161354,0.0,0.0,M1457021968,0.0,0.0,0,0
167,CASH_OUT,28393.09,C1000777279,190.84,0.0,C448919364,2754591.49,2782984.58,0,0
351,PAYMENT,25684.43,C508920137,14085.48,0.0,M1132477874,0.0,0.0,0,0
234,CASH_IN,125490.17,C1872765993,6096527.08,6222017.25,C88056179,140193.62,14703.45,0,0
355,CASH_OUT,241642.47,C1476054896,122417.0,0.0,C345473427,435582.44,677224.9,0,0
45,CASH_OUT,231916.14,C887630318,0.0,0.0,C753255425,1491056.63,1722972.76,0,0
161,PAYMENT,8176.22,C1156572542,0.0,0.0,M1647471564,0.0,0.0,0,0
12,CASH_OUT,69286.61,C1256344593,0.0,0.0,C1140283991,555148.34,584793.17,0,0
659,PAYMENT,9287.04,C917309075,0.0,0.0,M1748432036,0.0,0.0,0,0
212,CASH_OUT,95574.09,C1876849681,0.0,0.0,C1087955840,20117128.24,20212702.32,0,0
140,PAYMENT,7711.64,C625779295,20279.0,12567.36,M1669849102,0.0,0.0,0,0
381,PAYMENT,1881.17,C665610428,2325.0,443.83,M160620359,0.0,0.0,0,0
259,CASH_IN,70924.47,C62182263,21502.0,92426.47,C719125992,0.0,0.0,0,0
398,CASH_OUT,102368.08,C1616491774,123695.0,21326.92,C1992643175,484057.27,586425.35,0,0
400,CASH_OUT,44965.92,C339331835,0.0,0.0,C1627196169,379744.49,424710.41,0,0
11,CASH_IN,200783.11,C268612470,275813.61,476596.73,C490467898,0.0,0.0,0,0
373,CASH_IN,65799.8,C327171460,7091825.28,7157625.08,C294840774,844588.7,778788.9,0,0
206,CASH_OUT,112294.08,C74999089,116833.0,4538.92,C1440808206,0.0,112294.08,0,0
236,PAYMENT,12657.97,C1163219321,100844.0,88186.03,M1888466354,0.0,0.0,0,0
40,PAYMENT,8984.36,C1377907022,0.0,0.0,M742894047,0.0,0.0,0,0
326,TRANSFER,2177860.51,C945838173,0.0,0.0,C1659688985,4635272.76,6813133.27,0,0
162,CASH_IN,101000.43,C595761984,3469789.2,3570789.63,C202801737,200508.37,99507.94,0,0
260,CASH_OUT,32116.9,C1450125269,32803.97,687.07,C1507191972,2989512.26,3021629.16,0,0
44,CASH_OUT,244304.15,C2144047824,0.0,0.0,C507454240,591487.14,835791.29,0,0
277,PAYMENT,14386.02,C1590265384,0.0,0.0,M340108661,0.0,0.0,0,0
308,CASH_OUT,33418.76,C2075533386,283213.0,249794.24,C880534613,1683324.8,1716743.56,0,0
132,CASH_IN,288498.14,C1453951340,4654299.33,4942797.48,C1092414062,1425513.87,1319351.98,0,0
284,PAYMENT,5909.02,C522698632,0.0,0.0,M1723538364,0.0,0.0,0,0
235,CASH_OUT,36789.73,C917759821,45286.0,8496.27,C686151846,0.0,36789.73,0,0
255,CASH_OUT,204633.71,C1113260845,0.0,0.0,C672444715,710388.47,915022.18,0,0
37,PAYMENT,23898.2,C1016228839,94586.21,70688.01,M1540349488,0.0,0.0,0,0
275,CASH_IN,256160.71,C758179746,16809032.45,17065193.16,C1597307206,723799.86,467639.15,0,0
715,CASH_OUT,162172.37,C385149061,153568.0,0.0,C1618838465,0.0,162172.37,0,0
403,PAYMENT,3209.17,C750167951,0.0,0.0,M463227665,0.0,0.0,0,0
17,CASH_OUT,76908.09,C607013895,205834.21,128926.12,C1084873380,2758849.24,2540851.38,0,0
327,CASH_OUT,149554.68,C362867124,0.0,0.0,C2009828232,4894215.79,5043770.47,0,0
403,CASH_OUT,384884.63,C1293379251,10712.0,0.0,C131308222,6457.98,391342.61,0,0
349,PAYMENT,4697.74,C1492844826,3712.48,0.0,M1903251480,0.0,0.0,0,0
399,CASH_OUT,62042.0,C617259232,0.0,0.0,C1176433076,1079625.33,1141667.32,0,0
134,PAYMENT,3094.11,C196776385,437107.27,434013.16,M236646442,0.0,0.0,0,0
321,CASH_OUT,177437.65,C381686676,0.0,0.0,C1377936767,759975.15,937412.8,0,0
358,PAYMENT,6171.0,C1194217046,0.0,0.0,M1361887629,0.0,0.0,0,0
15,PAYMENT,1547.04,C763366270,0.0,0.0,M540122355,0.0,0.0,0,0
43,PAYMENT,1033.78,C1848372945,11611.0,10577.22,M257447605,0.0,0.0,0,0
347,TRANSFER,3959678.05,C1781378295,74412.53,0.0,C1069276320,5772130.75,9731808.8,0,0
353,PAYMENT,1815.99,C1375329642,45261.0,43445.01,M1455056984,0.0,0.0,0,0
134,PAYMENT,96.02,C1057154293,0.0,0.0,M1801071542,0.0,0.0,0,0
281,CASH_IN,175768.09,C1744314403,398.0,176166.09,C185707039,0.0,0.0,0,0
165,CASH_OUT,300424.53,C2076452104,0.0,0.0,C1400625324,369582.08,670006.61,0,0
138,CASH_OUT,183724.59,C34833030,20219.0,0.0,C919606606,337988.28,521712.87,0,0
371,PAYMENT,658.6,C1452058506,66674.5,66015.9,M931584349,0.0,0.0,0,0
250,PAYMENT,2589.04,C1710510582,0.0,0.0,M84943760,0.0,0.0,0,0
277,PAYMENT,7436.02,C805714629,0.0,0.0,M1909674649,0.0,0.0,0,0
590,CASH_OUT,185289.16,C1860411800,110539.0,0.0,C1662348335,0.0,185289.16,0,0
181,PAYMENT,3742.9,C88365339,0.0,0.0,M1014197566,0.0,0.0,0,0
397,CASH_OUT,158100.92,C606890088,20698.0,0.0,C93672609,0.0,158100.92,0,0
140,PAYMENT,4897.61,C1980095327,721.0,0.0,M1984117876,0.0,0.0,0,0
326,CASH_OUT,97411.55,C505586287,0.0,0.0,C203105628,488316.84,585728.39,0,0
402,CASH_IN,233628.74,C979255087,3837614.49,4071243.24,C1095516877,570087.8,336459.06,0,0
705,CASH_IN,201433.48,C434529849,1066248.28,1267681.77,C1517380884,10536501.55,10335068.07,0,0
163,CASH_IN,326692.0,C365337584,6324910.17,6651602.16,C217778499,12947086.03,12620394.04,0,0
240,PAYMENT,13793.48,C367427960,0.0,0.0,M1473065483,0.0,0.0,0,0
21,CASH_OUT,101120.2,C1059433227,77874.0,0.0,C124879814,265769.58,366889.77,0,0
132,CASH_OUT,374601.11,C331549285,0.0,0.0,C90310446,1319675.19,1694276.3,0,0
357,CASH_OUT,84824.87,C793455607,9902.0,0.0,C1935201229,61805.07,146629.93,0,0
355,PAYMENT,1311.02,C1592729525,138698.54,137387.52,M1707668027,0.0,0.0,0,0
691,PAYMENT,856.25,C1364749054,25901.34,25045.09,M1086347297,0.0,0.0,0,0
254,CASH_OUT,81417.28,C1140896643,0.0,0.0,C1024654806,432400.79,513818.07,0,0
350,PAYMENT,19612.58,C2089851447,107461.0,87848.42,M1539502979,0.0,0.0,0,0
189,PAYMENT,9828.21,C1714452165,99967.0,90138.79,M1334559353,0.0,0.0,0,0
369,CASH_IN,281713.26,C187383496,4524878.69,4806591.94,C1766303839,2402583.46,2120870.2,0,0
279,CASH_OUT,112103.17,C1957489451,25049.0,0.0,C1628537413,721000.46,833103.63,0,0
191,CASH_IN,8457.72,C1886307854,21568198.99,21576656.71,C95589386,534963.58,526505.85,0,0
287,CASH_IN,407753.36,C510375037,5404169.24,5811922.6,C1169499667,460412.54,52659.18,0,0
203,TRANSFER,601135.79,C369314243,40204.0,0.0,C1606835949,35415.76,636551.55,0,0
252,PAYMENT,59377.05,C988657213,10683.0,0.0,M1078193028,0.0,0.0,0,0
306,PAYMENT,6000.74,C1604312967,0.0,0.0,M1224697108,0.0,0.0,0,0
397,CASH_IN,239518.58,C1337462936,270020.0,509538.58,C232971716,10828.7,0.0,0,0
285,CASH_OUT,15937.09,C92161570,25162.0,9224.91,C2108292499,0.0,15937.09,0,0
17,CASH_IN,29212.77,C399319383,16208357.78,16237570.55,C438147393,1667855.42,1638642.65,0,0
357,CASH_OUT,165298.38,C340978820,32855.0,0.0,C2082895701,42991.49,208289.88,0,0
373,CASH_OUT,206138.64,C1087098264,13656.0,0.0,C1423270013,409674.43,615813.07,0,0
276,CASH_IN,53706.81,C552116140,3893125.09,3946831.9,C1179350118,342821.52,289114.71,0,0
24,TRANSFER,478538.94,C720658915,0.0,0.0,C679235222,11037673.23,11516212.18,0,0
326,TRANSFER,1340571.03,C1556230699,0.0,0.0,C248576137,8238701.72,9579272.75,0,0
136,CASH_IN,100040.76,C200976094,4838944.21,4938984.96,C780577810,499719.94,399679.18,0,0
297,CASH_OUT,22948.56,C1151042970,0.0,0.0,C1769956141,169419.7,192368.26,0,0
285,CASH_IN,81478.08,C809498988,6896011.63,6977489.71,C1800107281,144529.96,63051.88,0,0
205,PAYMENT,14425.78,C585364122,0.0,0.0,M1071086258,0.0,0.0,0,0
376,CASH_OUT,89562.95,C739826447,30898.0,0.0,C1898457751,542610.26,632173.21,0,0
332,CASH_IN,194212.48,C942372072,15817.0,210029.48,C202679510,0.0,0.0,0,0
204,PAYMENT,1338.65,C1804258863,0.0,0.0,M220964716,0.0,0.0,0,0
42,CASH_OUT,210238.37,C1112801148,12572.0,0.0,C1832208602,0.0,210238.37,0,0
207,PAYMENT,8358.9,C1717930472,149727.0,141368.1,M1214082954,0.0,0.0,0,0
352,PAYMENT,4143.36,C193433494,0.0,0.0,M1516748951,0.0,0.0,0,0
372,CASH_IN,13389.61,C898177688,4046.0,17435.61,C1746591049,846178.34,832788.73,0,0
236,CASH_OUT,156170.34,C1826637004,0.0,0.0,C999731400,1428847.73,1585018.06,0,0
346,TRANSFER,722535.59,C1126660770,0.0,0.0,C1903152702,937777.66,1660313.25,0,0
324,CASH_IN,28939.5,C188021766,4294816.02,4323755.52,C719698247,339005.3,310065.8,0,0
185,PAYMENT,9763.99,C254668190,0.0,0.0,M1635420236,0.0,0.0,0,0
38,CASH_OUT,87143.56,C505957223,0.0,0.0,C1911470644,129639.25,216782.81,0,0
310,TRANSFER,108992.7,C30103494,2628.0,0.0,C944900922,63019.88,172012.58,0,0
166,PAYMENT,7414.93,C75995768,26727.62,19312.69,M1347778739,0.0,0.0,0,0
205,PAYMENT,9197.56,C1679002871,0.0,0.0,M243290667,0.0,0.0,0,0
304,PAYMENT,10263.14,C1563389526,0.0,0.0,M437409958,0.0,0.0,0,0
237,PAYMENT,7474.08,C1131670846,0.0,0.0,M1565800261,0.0,0.0,0,0
357,CASH_OUT,165450.58,C1048475523,0.0,0.0,C57983395,15636047.11,15801497.69,0,0
306,PAYMENT,12328.87,C339689699,288685.0,276356.13,M470774231,0.0,0.0,0,0
403,PAYMENT,7013.26,C2052557358,9912.0,2898.74,M981130424,0.0,0.0,0,0
44,CASH_OUT,252031.28,C1185991943,52793.05,0.0,C1594176568,1164926.94,1416958.22,0,0
303,CASH_OUT,313092.0,C1291508528,21455.0,0.0,C1041753417,654439.81,967531.81,0,0
302,CASH_OUT,176745.99,C967672068,243360.66,66614.66,C1295783570,896632.18,1073378.17,0,0
213,PAYMENT,638.87,C2011711198,42075.0,41436.13,M736040274,0.0,0.0,0,0
227,TRANSFER,48978.72,C1465523091,0.0,0.0,C881868420,1323645.17,1290675.98,0,0
20,CASH_OUT,27419.76,C821881108,537.0,0.0,C1351285656,24521.02,51940.78,0,0
372,CASH_OUT,11999.0,C525346193,0.0,0.0,C1151853662,985750.23,997749.23,0,0
17,DEBIT,11954.39,C904432237,50261.0,38306.61,C943862043,3774740.19,3786694.58,0,0
348,CASH_OUT,111595.22,C65960379,10865.0,0.0,C1312076022,779492.31,891087.54,0,0
402,CASH_IN,185687.27,C1152565275,12153.0,197840.27,C584296721,0.0,0.0,0,0
705,CASH_IN,436188.48,C246147396,46989.0,483177.48,C1317126174,0.0,0.0,0,0
347,CASH_OUT,306846.58,C869609005,47394.0,0.0,C1960787556,1175133.75,1481980.34,0,0
237,PAYMENT,4519.31,C2101460368,0.0,0.0,M2023587316,0.0,0.0,0,0
306,PAYMENT,1241.06,C1506884801,133779.06,132538.0,M1914949409,0.0,0.0,0,0
187,PAYMENT,8817.29,C275415234,26884.0,18066.71,M1829554514,0.0,0.0,0,0
328,CASH_OUT,117969.9,C2033882485,259826.0,141856.1,C1161818273,45179.28,163149.19,0,0
208,CASH_OUT,295685.3,C1435268571,0.0,0.0,C868880279,4918899.3,5214584.6,0,0
9,CASH_IN,194937.19,C503009118,23363020.3,23557957.48,C1564510445,1397767.26,234727.81,0,0
305,CASH_OUT,150523.49,C1350900016,11251.0,0.0,C1683091967,18453.25,168976.74,0,0
227,PAYMENT,15184.16,C786347611,7132.0,0.0,M462130099,0.0,0.0,0,0
129,PAYMENT,1845.47,C1423195700,0.0,0.0,M190241331,0.0,0.0,0,0
235,TRANSFER,354045.94,C1643484054,309921.14,0.0,C1894428914,4241184.72,4595230.66,0,0
597,CASH_IN,222067.55,C240316670,2629374.81,2851442.35,C20543526,466939.83,244872.28,0,0
276,DEBIT,543.33,C2041976031,0.0,0.0,C1478125968,1130114.63,1130657.96,0,0
133,PAYMENT,31270.17,C1702600737,0.0,0.0,M2125165091,0.0,0.0,0,0
350,CASH_OUT,110385.76,C1823374714,20375.0,0.0,C1465469694,1874442.06,1984827.81,0,0
40,CASH_OUT,199799.22,C639099772,0.0,0.0,C1403282300,1024404.56,1224203.78,0,0
347,TRANSFER,245875.53,C39075476,0.0,0.0,C2079249699,877331.86,1123207.39,0,0
157,CASH_IN,292021.34,C419181787,10818.0,302839.34,C1954503193,0.0,0.0,0,0
34,CASH_OUT,87663.77,C612303678,2211.0,0.0,C122506394,0.0,87663.77,0,0
375,CASH_IN,235484.83,C219408204,10594.0,246078.83,C1357812599,298617.11,63132.28,0,0
134,PAYMENT,20215.25,C93596391,0.0,0.0,M1332996812,0.0,0.0,0,0
251,TRANSFER,683881.61,C1824817258,2954.0,0.0,C1987349202,0.0,683881.61,0,0
11,CASH_IN,195453.21,C1123719330,19401.0,214854.21,C2096958112,21571.0,0.0,0,0
251,CASH_IN,19063.56,C1432845684,18492001.43,18511064.99,C1261065672,905732.17,886668.61,0,0
14,CASH_OUT,2345.08,C44119130,65267.0,62921.92,C1788004508,0.0,0.0,0,0
354,CASH_IN,96214.17,C1257050609,12029.0,108243.17,C1538831892,769725.55,673511.38,0,0
132,CASH_IN,381250.0,C480137037,5726.0,386976.0,C429019746,501822.64,120572.64,0,0
210,CASH_OUT,106487.7,C1409058274,0.0,0.0,C1923432176,261295.98,367783.68,0,0
403,CASH_OUT,19263.97,C1056075761,428656.0,409392.03,C1704093042,0.0,19263.97,0,0
373,CASH_OUT,113736.55,C1941541484,125664.0,11927.45,C56824813,0.0,113736.55,0,0
398,CASH_IN,48694.94,C1995168958,4251813.85,4300508.79,C1564992696,91062.65,42367.71,0,0
324,CASH_OUT,75507.67,C957995065,0.0,0.0,C896861713,5325120.89,5400628.56,0,0
522,TRANSFER,753716.98,C1086871442,0.0,0.0,C1687075468,1968048.35,2721765.32,0,0
306,CASH_IN,108644.68,C2137379845,10635540.11,10744184.79,C1144500398,471711.34,363066.66,0,0
326,PAYMENT,9146.64,C135649887,34738.96,25592.32,M1985903898,0.0,0.0,0,0
250,CASH_IN,252723.27,C1629396470,271750.0,524473.27,C1560762320,832818.64,580095.36,0,0
372,CASH_IN,8617.56,C1690763689,7687501.6,7696119.16,C1516809048,280633.83,272016.27,0,0
139,CASH_OUT,319315.77,C1017282256,10092.0,0.0,C1441419038,854440.17,1173755.94,0,0
394,PAYMENT,13095.45,C1663507168,0.0,0.0,M1445550396,0.0,0.0,0,0
287,CASH_OUT,131594.11,C1229384965,0.0,0.0,C699906968,2501487.3,2633081.41,0,0
139,PAYMENT,21953.68,C1568823703,0.0,0.0,M679901578,0.0,0.0,0,0
324,TRANSFER,344518.64,C1491825645,383091.11,38572.48,C1449578873,1151608.24,1496126.87,0,0
348,DEBIT,9763.92,C512641063,30800.0,21036.08,C1884460769,761833.84,771597.75,0,0
15,CASH_OUT,319697.65,C1457418945,377652.0,57954.35,C831436957,0.0,333591.83,0,0
331,CASH_OUT,35309.97,C1734479287,25289.0,0.0,C1692953154,340773.82,376083.79,0,0
353,TRANSFER,3595224.08,C2090904887,151116.0,0.0,C868089315,0.0,3595224.08,0,0
310,PAYMENT,32393.11,C720544954,22214.8,0.0,M1403328069,0.0,0.0,0,0
279,CASH_OUT,27642.25,C1496672725,11056.0,0.0,C559912373,403043.53,430685.79,0,0
299,CASH_OUT,186357.75,C2068157441,167379.0,0.0,C1864682,2165052.5,2351410.25,0,0
279,CASH_OUT,214743.64,C1105741711,0.0,0.0,C552171832,334513.4,549257.04,0,0
298,PAYMENT,19716.35,C9614307,483753.52,464037.18,M1373623721,0.0,0.0,0,0
208,PAYMENT,4268.88,C1234409893,0.0,0.0,M97843659,0.0,0.0,0,0
399,PAYMENT,10264.74,C53223340,0.0,0.0,M1431943510,0.0,0.0,0,0
379,CASH_OUT,318101.64,C1149380810,90468.0,0.0,C1514954667,246919.94,565021.58,0,0
330,CASH_OUT,316355.64,C1285149546,49680.0,0.0,C656531383,893869.14,1210224.78,0,0
44,PAYMENT,6367.04,C53047211,292580.69,286213.65,M274889408,0.0,0.0,0,0
34,CASH_OUT,451978.81,C377291368,0.0,0.0,C278407008,538965.97,990944.78,0,0
302,TRANSFER,540755.3,C1305234165,0.0,0.0,C72770788,3056563.59,3735227.96,0,0
41,PAYMENT,19369.71,C1307140358,98903.22,79533.51,M1319732404,0.0,0.0,0,0
311,PAYMENT,29175.04,C337778883,6182.0,0.0,M1961898053,0.0,0.0,0,0
260,CASH_IN,179631.98,C1057503714,5030390.83,5210022.8,C903461182,185609.68,5977.7,0,0
404,CASH_IN,90261.49,C1693599933,5027.0,95288.49,C492707832,2171905.25,2081643.76,0,0
188,PAYMENT,13217.88,C1685281646,0.0,0.0,M2033935965,0.0,0.0,0,0
399,CASH_OUT,270442.6,C1078231628,6091.0,0.0,C1013497185,9137025.45,9407468.05,0,0
165,PAYMENT,5444.85,C1568887639,20818.0,15373.15,M1960559793,0.0,0.0,0,0
36,CASH_IN,73885.28,C1277727991,942768.68,1016653.95,C1812839225,1338467.48,1264582.21,0,0
324,CASH_OUT,237247.01,C2107126704,0.0,0.0,C9422261,4269824.92,4507071.92,0,0
303,CASH_OUT,152565.05,C214142016,52085.0,0.0,C2131489649,3889543.08,4042108.13,0,0
347,CASH_IN,170666.8,C1879185838,16871400.41,17042067.21,C1524911570,1966309.12,1795642.32,0,0
303,CASH_IN,57776.41,C138035542,30404.0,88180.41,C448357284,1805184.36,1747407.95,0,0
309,CASH_OUT,126379.37,C1277119513,273275.0,146895.63,C252675361,0.0,126379.37,0,0
96,PAYMENT,5555.23,C474456049,31286.0,25730.77,M1854902344,0.0,0.0,0,0
309,PAYMENT,14883.55,C368024488,18361.13,3477.58,M2621087,0.0,0.0,0,0
400,PAYMENT,6451.83,C333675834,0.0,0.0,M1188448160,0.0,0.0,0,0
20,PAYMENT,10491.15,C67835132,0.0,0.0,M606244372,0.0,0.0,0,0
212,CASH_IN,214243.28,C694796103,3283371.26,3497614.54,C162342311,660788.59,446545.31,0,0
350,PAYMENT,64408.06,C447558771,84027.0,19618.94,M1088165429,0.0,0.0,0,0
307,CASH_OUT,346810.33,C233809959,0.0,0.0,C2133910866,3396915.2,3743725.53,0,0
394,TRANSFER,759586.31,C2071523135,51324.0,0.0,C781156081,555439.84,1315026.15,0,0
238,CASH_IN,15740.46,C1687729731,1662001.17,1677741.64,C833583390,76877.19,61136.73,0,0
230,PAYMENT,2236.55,C111151926,0.0,0.0,M1002312510,0.0,0.0,0,0
13,PAYMENT,7596.64,C1830256169,0.0,0.0,M1973307160,0.0,0.0,0,0
232,CASH_OUT,35366.86,C197640178,0.0,0.0,C38711416,935771.14,971138.01,0,0
382,CASH_OUT,203357.6,C1706447285,0.0,0.0,C1467590581,1300802.09,1504159.69,0,0
351,CASH_IN,244426.62,C258343470,843743.99,1088170.61,C1281423194,2717121.88,2472695.26,0,0
354,PAYMENT,9653.76,C2042312871,20396.0,10742.24,M1527042826,0.0,0.0,0,0
370,TRANSFER,437446.09,C987093302,0.0,0.0,C970078352,820198.84,1257644.93,0,0
131,PAYMENT,2078.25,C1639254318,0.0,0.0,M1825828954,0.0,0.0,0,0
159,CASH_OUT,176628.31,C1485841493,510004.0,333375.69,C649734004,263302.14,439930.45,0,0
305,TRANSFER,926788.14,C1674927741,0.0,0.0,C971778440,2437335.95,3364124.09,0,0
42,CASH_OUT,131274.74,C935421593,0.0,0.0,C242712623,153234.3,284509.04,0,0
334,PAYMENT,3308.06,C1374545619,11179.0,7870.94,M1805005374,0.0,0.0,0,0
287,CASH_OUT,74200.51,C1043041338,54437.22,0.0,C256106443,3323349.65,3397550.16,0,0
261,CASH_OUT,75341.87,C2139651863,8071.0,0.0,C1367436801,152387.18,227729.05,0,0
138,CASH_IN,215316.47,C28148677,5327326.21,5542642.67,C1842211645,1735679.36,1520362.89,0,0
256,CASH_IN,180084.63,C728354675,51388.0,231472.63,C760276739,0.0,0.0,0,0
374,CASH_OUT,96774.74,C169148170,33070.0,0.0,C1633160471,250073.52,346848.26,0,0
404,CASH_OUT,52923.67,C678922377,67189.0,14265.33,C1071022581,5590183.38,5643107.05,0,0
162,CASH_IN,241168.12,C1525023178,17707375.25,17948543.37,C675671834,2822412.41,2581244.29,0,0
276,CASH_IN,204905.75,C2124787079,1239875.93,1444781.68,C1753911416,207460.8,2555.05,0,0
302,CASH_IN,59984.42,C1075076740,2942870.14,3002854.56,C986983710,862575.13,802590.7,0,0
301,PAYMENT,11532.0,C1833430534,46131.0,34599.0,M236033448,0.0,0.0,0,0
42,PAYMENT,4989.37,C958818454,1476.68,0.0,M905855295,0.0,0.0,0,0
227,CASH_IN,76087.15,C1326980118,52034.0,128121.15,C296281602,273790.71,197703.56,0,0
355,CASH_IN,585811.59,C1937480138,5731259.06,6317070.65,C307944670,2573923.56,1988111.96,0,0
355,PAYMENT,17921.29,C293094310,0.0,0.0,M2098186028,0.0,0.0,0,0
164,CASH_IN,137866.87,C1599820767,13402636.85,13540503.72,C1988079860,883239.36,745372.49,0,0
402,CASH_IN,72443.34,C623567831,1940672.44,2013115.78,C2052924049,340840.88,268397.54,0,0
370,TRANSFER,2372517.22,C1110101545,59872.0,0.0,C1697247325,99394.97,2471912.19,0,0
131,PAYMENT,1920.13,C1745426208,0.0,0.0,M145878744,0.0,0.0,0,0
403,CASH_IN,219056.59,C819393912,11824.0,230880.59,C226140521,2021162.23,1802105.64,0,0
404,CASH_OUT,270207.66,C12893311,22419.0,0.0,C2122763544,546785.7,816993.37,0,0
44,CASH_OUT,76019.36,C1401940035,577.0,0.0,C2029524719,100711.0,170988.94,0,0
13,CASH_OUT,16420.78,C1023768253,0.0,0.0,C842455784,35783.0,52203.78,0,0
334,CASH_OUT,222243.99,C1887381083,0.0,0.0,C477171131,620804.46,843048.45,0,0
322,CASH_OUT,15528.44,C1715618862,0.0,0.0,C1609667538,6743448.97,6758977.41,0,0
308,CASH_IN,378661.46,C664059661,7815168.35,8193829.81,C1011295887,2307279.36,1928617.9,0,0
233,CASH_IN,289428.49,C1530786206,186.0,289614.49,C1828559933,3621091.3,3331662.82,0,0
406,PAYMENT,1293.23,C845207313,356931.28,355638.05,M1356198007,0.0,0.0,0,0
210,CASH_OUT,43726.03,C28011597,268.0,0.0,C2089147482,301916.15,345642.18,0,0
181,CASH_IN,172483.29,C2000155986,2525277.42,2697760.7,C1673969484,628736.38,456253.1,0,0
212,CASH_OUT,43245.08,C675924954,0.0,0.0,C2073994668,1203113.75,1246358.83,0,0
348,CASH_OUT,109789.24,C18318466,0.0,0.0,C1978619574,448735.14,558524.37,0,0
259,PAYMENT,656.76,C1994678249,117950.0,117293.24,M1525919336,0.0,0.0,0,0
399,CASH_OUT,111971.1,C518536233,102309.0,0.0,C1893152160,0.0,111971.1,0,0
186,PAYMENT,3607.06,C715108773,0.0,0.0,M1498036467,0.0,0.0,0,0
323,CASH_OUT,243563.25,C1105433283,0.0,0.0,C1295366695,743558.8,3066055.25,0,0
256,CASH_OUT,96268.22,C446790361,0.0,0.0,C863770628,5641231.76,5737499.97,0,0
187,PAYMENT,7710.55,C1574482925,0.0,0.0,M1701484568,0.0,0.0,0,0
12,PAYMENT,5166.61,C2134892141,60184.19,55017.58,M1811981759,0.0,0.0,0,0
17,CASH_OUT,19701.38,C1137287605,0.0,0.0,C293435765,87983.09,107684.46,0,0
36,CASH_IN,260862.87,C1206889192,776648.85,1037511.72,C580286880,434735.35,173872.47,0,0
323,PAYMENT,21100.67,C1996353583,0.0,0.0,M1870316694,0.0,0.0,0,0
203,TRANSFER,496138.27,C36301899,0.0,0.0,C1467602616,1498077.89,3829860.08,0,0
345,PAYMENT,7865.9,C640004802,0.0,0.0,M1949333262,0.0,0.0,0,0
350,CASH_IN,27576.17,C1570560879,1548071.45,1575647.62,C875601580,302531.6,274955.42,0,0
225,CASH_OUT,85429.46,C736679769,21279.0,0.0,C432037209,92633.66,178063.12,0,0
324,CASH_IN,380668.42,C1089395201,1173.0,381841.42,C1574588339,0.0,0.0,0,0
40,PAYMENT,29371.78,C1457904344,0.0,0.0,M462596157,0.0,0.0,0,0
371,PAYMENT,49501.11,C58292070,11422.0,0.0,M617001550,0.0,0.0,0,0
348,CASH_OUT,161759.22,C11341269,0.0,0.0,C1009494755,3275049.04,3436808.27,0,0
288,PAYMENT,67842.08,C1814505755,104646.0,36803.92,M927955834,0.0,0.0,0,0
203,CASH_IN,101374.16,C1305833383,4089.0,105463.16,C120159889,0.0,0.0,0,0
14,CASH_IN,165910.99,C328540311,607231.83,773142.82,C1413597807,691987.75,526076.76,0,0
469,CASH_IN,147970.32,C1093525472,8950510.93,9098481.25,C928270965,1877160.39,1729190.08,0,0
154,CASH_IN,82877.64,C605384135,2353000.81,2435878.45,C672747405,1645031.75,1562154.11,0,0
135,CASH_OUT,307126.35,C1215384038,921.0,0.0,C1045869053,6541832.49,6848958.84,0,0
38,TRANSFER,104008.29,C1126244181,35164.0,0.0,C1862160403,1151157.09,1345468.35,0,0
371,PAYMENT,41357.21,C905489828,6239.0,0.0,M465488180,0.0,0.0,0,0
131,CASH_OUT,265250.61,C886463874,330.0,0.0,C1052654355,109825.36,375075.97,0,0
378,PAYMENT,3639.97,C510519494,445713.88,442073.91,M2109345346,0.0,0.0,0,0
13,CASH_OUT,1577.82,C1645508341,0.0,0.0,C269152242,16724.0,0.0,0,0
249,CASH_OUT,27617.29,C387122603,36445.0,8827.71,C771560577,0.0,27617.29,0,0
401,PAYMENT,907.78,C310398210,0.0,0.0,M1364382112,0.0,0.0,0,0
284,CASH_OUT,45141.54,C1934903445,183767.0,138625.46,C989287460,822916.39,868057.93,0,0
36,PAYMENT,13058.03,C1127243692,0.0,0.0,M1290644868,0.0,0.0,0,0
205,CASH_IN,181296.9,C892402233,102214.0,283510.9,C1208885249,0.0,0.0,0,0
165,CASH_OUT,4531.21,C1167233969,1877.0,0.0,C1676970168,0.0,4531.21,0,0
138,CASH_OUT,125458.97,C623488333,0.0,0.0,C1087050134,307355.05,432814.03,0,0
161,CASH_IN,161186.54,C470000061,5710204.81,5871391.35,C1450546942,640673.05,479486.51,0,0
227,CASH_IN,222327.76,C1840289537,4714788.17,4937115.93,C827862372,230504.81,8177.04,0,0
43,PAYMENT,31087.88,C857183597,0.0,0.0,M1428966939,0.0,0.0,0,0
332,CASH_IN,194014.68,C1547930963,719810.01,913824.68,C342169019,872550.36,678535.69,0,0
323,CASH_OUT,29135.19,C385731590,0.0,0.0,C1656639404,990513.25,1019648.44,0,0
262,TRANSFER,206394.01,C1536912894,0.0,0.0,C1670011311,365508.6,571902.6,0,0
302,CASH_OUT,74601.05,C335446275,0.0,0.0,C2110212399,617778.69,692379.74,0,0
325,CASH_OUT,431958.25,C1086408415,2756.0,0.0,C1570946952,159755.28,591713.54,0,0
209,CASH_IN,219430.92,C1685296925,2515313.35,2734744.27,C310014641,1004304.44,784873.52,0,0
236,CASH_IN,128630.6,C1548379157,602138.37,730768.98,C1017789550,2944321.4,2815690.79,0,0
188,CASH_OUT,20266.0,C1411671024,0.0,0.0,C1410134940,221748.0,242014.0,0,0
401,CASH_OUT,106488.73,C1377405198,24175.0,0.0,C1234978263,956292.06,1062780.79,0,0
135,PAYMENT,2306.86,C8890809,0.0,0.0,M161850751,0.0,0.0,0,0
185,TRANSFER,194905.34,C175418391,0.0,0.0,C2006767881,1412156.79,1607062.13,0,0
187,CASH_OUT,56127.55,C1704692579,236.0,0.0,C766950017,5971515.65,6027643.2,0,0
133,CASH_OUT,74350.18,C939478058,149913.0,75562.82,C1006464744,701158.36,775508.55,0,0
252,PAYMENT,2257.7,C1765718158,0.0,0.0,M1436621950,0.0,0.0,0,0
261,CASH_IN,180706.31,C432638821,10549920.53,10730626.84,C1134134070,11525047.26,11344340.95,0,0
373,PAYMENT,3759.17,C951739711,385974.0,382214.83,M243686448,0.0,0.0,0,0
308,CASH_OUT,251317.66,C949324075,61101.0,0.0,C968278085,103147.27,354464.93,0,0
280,CASH_IN,10302.23,C1014870044,91653.0,101955.23,C1919162083,5858435.88,5848133.65,0,0
371,PAYMENT,17416.41,C1073761969,0.0,0.0,M1753491982,0.0,0.0,0,0
233,CASH_OUT,579573.0,C24731862,0.0,0.0,C793649292,1135307.75,1714880.75,0,0
305,CASH_OUT,6208.17,C1885436088,115338.0,109129.83,C1782306128,368323.93,448868.57,0,0
12,CASH_OUT,258336.56,C34283219,138612.14,0.0,C184224366,111973.23,150277.25,0,0
299,CASH_OUT,117419.74,C1534457340,0.0,0.0,C436229274,605232.1,722651.84,0,0
187,PAYMENT,2271.97,C1444458511,0.0,0.0,M2143221858,0.0,0.0,0,0
277,CASH_IN,265673.02,C1521764030,166207.0,431880.02,C896505570,354942.7,89269.68,0,0
182,PAYMENT,143.45,C1652008122,364835.22,364691.77,M439486400,0.0,0.0,0,0
321,CASH_OUT,317721.97,C1353947480,0.0,0.0,C161174101,885808.36,1203530.33,0,0
372,CASH_IN,423081.51,C2069543418,30924704.8,31347786.32,C1376732989,17573712.89,17150631.38,0,0
346,CASH_IN,56775.85,C1944494306,854699.96,911475.81,C1970164434,1277579.4,1220803.55,0,0
406,PAYMENT,20486.77,C339416635,43630.0,23143.23,M745840865,0.0,0.0,0,0
180,CASH_OUT,205322.68,C1330734204,190116.0,0.0,C233436106,21248.99,226571.66,0,0
396,CASH_OUT,163440.63,C1651185378,0.0,0.0,C2069300859,1977333.97,2140774.6,0,0
227,PAYMENT,11887.9,C969837799,0.0,0.0,M1450802170,0.0,0.0,0,0
402,CASH_IN,409392.62,C855545960,263.0,409655.62,C962860828,339623.46,0.0,0,0
302,CASH_IN,1889.65,C31845891,70157.0,72046.65,C1599310324,0.0,0.0,0,0
302,CASH_OUT,214210.37,C2013650515,40745.0,0.0,C1537471880,8138073.07,8352283.44,0,0
301,CASH_OUT,156065.38,C2047560738,0.0,0.0,C532668854,999169.94,1155235.31,0,0
377,CASH_IN,143803.01,C1616252073,770793.25,914596.26,C1863013965,287666.73,143863.72,0,0
235,PAYMENT,22361.79,C2023633796,49907.0,27545.21,M37659965,0.0,0.0,0,0
400,CASH_OUT,182664.53,C885600563,21404.0,0.0,C396678372,40574.36,223238.89,0,0
232,CASH_OUT,125659.01,C1816343738,0.0,0.0,C1345135313,166943.45,292602.46,0,0
347,CASH_OUT,234368.69,C111774327,0.0,0.0,C148116096,651992.82,886361.5,0,0
162,CASH_OUT,225328.3,C1274653153,60963.0,0.0,C317109504,0.0,225328.3,0,0
358,CASH_OUT,576112.67,C1533124993,65247.08,0.0,C108564064,642979.36,1219092.02,0,0
380,CASH_IN,83715.57,C2028974639,3159128.82,3242844.38,C759919648,291475.07,207759.5,0,0
160,PAYMENT,8594.69,C592148658,0.0,0.0,M275983228,0.0,0.0,0,0
324,TRANSFER,1758220.39,C334125869,0.0,0.0,C963386931,9219442.02,12304034.06,0,0
233,CASH_OUT,199094.17,C575495120,0.0,0.0,C568993638,344346.43,543440.6,0,0
232,CASH_IN,267234.62,C1646479590,23568012.65,23835247.26,C1951146568,355697.39,88462.78,0,0
573,CASH_OUT,261727.26,C1068026859,0.0,0.0,C253653431,12997259.3,13258986.56,0,0
356,CASH_OUT,1888.59,C1302184613,0.0,0.0,C1303977863,80406.34,82294.93,0,0
345,CASH_OUT,17363.61,C151577386,507.0,0.0,C1990351390,0.0,17363.61,0,0
596,CASH_IN,119465.42,C1456914801,2879336.87,2998802.29,C1634059203,285394.72,165929.3,0,0
375,CASH_OUT,70875.91,C133643726,0.0,0.0,C763858051,1210931.23,1281807.14,0,0
253,CASH_IN,46588.11,C1400897945,20985.0,67573.11,C256332029,103110.23,56522.12,0,0
210,PAYMENT,7000.73,C662401361,49510.0,42509.27,M1385348056,0.0,0.0,0,0
396,PAYMENT,13825.08,C2020104530,0.0,0.0,M165876861,0.0,0.0,0,0
10,CASH_OUT,239282.69,C441196414,84655.0,0.0,C1355326338,561957.97,801240.66,0,0
210,CASH_OUT,536013.09,C832531245,0.0,0.0,C1203224764,894619.19,1430632.28,0,0
404,PAYMENT,10740.99,C1625243433,0.0,0.0,M201300028,0.0,0.0,0,0
41,CASH_OUT,93734.64,C1718918280,7926.92,0.0,C770297559,1802656.1,1896390.74,0,0
139,PAYMENT,3296.65,C1053178947,1081.0,0.0,M1146322849,0.0,0.0,0,0
326,CASH_OUT,2906.33,C1053465922,0.0,0.0,C485181964,442344.17,445250.51,0,0
129,TRANSFER,129497.39,C2091529459,0.0,0.0,C1328815034,244724.24,374221.62,0,0
278,PAYMENT,22508.08,C779404968,0.0,0.0,M2107645172,0.0,0.0,0,0
327,PAYMENT,21465.03,C91957266,0.0,0.0,M1295660342,0.0,0.0,0,0
331,CASH_OUT,94610.61,C63013436,0.0,0.0,C286834421,6951608.45,7094533.75,0,0
21,PAYMENT,12450.97,C1220917255,64828.41,52377.44,M1265488442,0.0,0.0,0,0
9,CASH_IN,206948.01,C1744667951,119819.0,326767.01,C789698697,0.0,0.0,0,0
335,TRANSFER,3769303.08,C1282245684,190710.43,0.0,C324685477,3949879.52,7719182.6,0,0
325,CASH_OUT,301514.07,C1010067218,21258.0,0.0,C731388835,0.0,301514.07,0,0
382,PAYMENT,21222.73,C1054373776,0.0,0.0,M1904446363,0.0,0.0,0,0
212,CASH_OUT,340501.51,C1700905872,0.0,0.0,C1268361233,8089856.13,8430357.63,0,0
378,TRANSFER,543780.76,C1238894778,29801.0,0.0,C1462629235,0.0,543780.76,0,0
354,CASH_OUT,20030.18,C798816361,0.0,0.0,C894338837,236072.91,256103.09,0,0
163,CASH_OUT,13387.73,C27144013,0.0,0.0,C2073818984,427141.77,440529.5,0,0
190,CASH_OUT,239228.89,C256425770,13626.77,0.0,C832533176,568847.93,808076.82,0,0
253,CASH_OUT,191259.21,C861821457,0.0,0.0,C1765731722,485991.05,679240.12,0,0
277,CASH_IN,52992.62,C1328710498,7040.0,60032.62,C1879630378,769518.39,716525.78,0,0
350,PAYMENT,12271.99,C555768202,45759.0,33487.01,M1779147715,0.0,0.0,0,0
276,PAYMENT,3702.23,C81615076,82464.0,78761.77,M1571131556,0.0,0.0,0,0
182,CASH_OUT,446653.09,C1820287407,334.0,0.0,C1984692791,304098.27,750751.36,0,0
180,TRANSFER,296727.75,C687509307,0.0,0.0,C1758058127,4308167.56,4604895.31,0,0
394,CASH_IN,105067.83,C584454907,8140325.67,8245393.5,C226657955,1998209.16,1893141.33,0,0
309,CASH_OUT,129156.41,C1683314869,0.0,0.0,C1418842986,946317.12,1075473.53,0,0
277,CASH_OUT,64886.31,C1604098788,0.0,0.0,C521260535,587217.67,652103.99,0,0
40,CASH_IN,247295.14,C478515391,10147.0,257442.14,C1167158497,484763.73,237468.59,0,0
305,CASH_OUT,177570.12,C1536341742,661595.55,484025.42,C1469213655,1014448.56,1192018.69,0,0
371,CASH_OUT,462678.26,C202441812,232.0,0.0,C1259926317,21241.17,483919.43,0,0
236,PAYMENT,1673.91,C85976890,198996.0,197322.09,M1558188471,0.0,0.0,0,0
189,PAYMENT,4225.32,C1341109027,454096.0,449870.68,M1709466190,0.0,0.0,0,0
356,PAYMENT,4454.42,C1265621368,0.0,0.0,M1785872579,0.0,0.0,0,0
209,TRANSFER,122690.21,C1779162084,39933.0,0.0,C539634625,0.0,122690.21,0,0
325,CASH_OUT,197371.25,C886350682,21556.0,0.0,C1305730349,895757.1,1093128.35,0,0
10,CASH_OUT,154939.31,C1242567879,0.0,0.0,C692584325,204666.87,89072.0,0,0
143,PAYMENT,4860.22,C289173558,50018.0,45157.78,M1538357740,0.0,0.0,0,0
94,CASH_IN,96129.57,C363783738,8320376.99,8416506.56,C847705835,2621797.3,2525667.73,0,0
33,PAYMENT,23587.12,C1253480545,0.0,0.0,M1863398544,0.0,0.0,0,0
302,CASH_IN,122372.2,C299222639,61668.0,184040.2,C2109543261,390865.34,268493.14,0,0
382,CASH_IN,100731.2,C9614873,3182.0,103913.2,C1945789999,0.0,0.0,0,0
352,CASH_OUT,110201.78,C185221744,0.0,0.0,C288026620,284501.49,394703.27,0,0
348,CASH_IN,94804.87,C1169945551,5729439.44,5824244.31,C1510520703,1356318.85,1261513.97,0,0
229,TRANSFER,209332.56,C1376444776,146970.0,0.0,C925180396,2608308.62,2817641.18,0,0
370,CASH_OUT,142616.97,C1965920549,0.0,0.0,C1979756298,5938845.49,6081462.47,0,0
182,CASH_OUT,437236.5,C1604018156,11715.0,0.0,C934438660,0.0,768456.18,0,0
328,CASH_OUT,233837.96,C1171884248,0.0,0.0,C1046136727,5300230.72,5534068.68,0,0
186,PAYMENT,5964.71,C1238082083,44170.0,38205.29,M359051397,0.0,0.0,0,0
232,PAYMENT,39625.18,C174397213,28294.01,0.0,M129073102,0.0,0.0,0,0
352,CASH_IN,244610.78,C1296281549,154435.0,399045.78,C1058760597,39148.17,0.0,0,0
259,PAYMENT,20763.38,C1339996736,119680.0,98916.62,M1747806046,0.0,0.0,0,0
34,CASH_OUT,187989.21,C359191969,7988.0,0.0,C434682380,0.0,187989.21,0,0
34,PAYMENT,3712.07,C699583085,85290.46,81578.39,M2017979781,0.0,0.0,0,0
185,PAYMENT,15733.77,C1143888102,68991.0,53257.23,M1165515041,0.0,0.0,0,0
235,CASH_OUT,55308.73,C842830188,2214.0,0.0,C2130747223,284392.4,339701.12,0,0
227,PAYMENT,31756.61,C906445071,195663.56,163906.94,M1427944369,0.0,0.0,0,0
13,CASH_OUT,199698.05,C61427185,16576.0,0.0,C291653050,0.0,199698.05,0,0
232,CASH_IN,17711.86,C528720565,3146173.74,3163885.6,C1897058180,806435.88,788724.02,0,0
380,PAYMENT,12045.73,C1508560370,0.0,0.0,M528817387,0.0,0.0,0,0
310,CASH_OUT,315022.14,C1020125477,30681.0,0.0,C1956423408,0.0,315022.14,0,0
137,CASH_IN,36039.53,C347930804,19718190.88,19754230.41,C1873104472,6361619.07,6325579.55,0,0
10,CASH_OUT,116632.06,C1670211954,0.0,0.0,C563780374,407812.72,524444.78,0,0
232,PAYMENT,627.55,C1439193910,99538.0,98910.45,M1507641880,0.0,0.0,0,0
374,CASH_OUT,99834.58,C1271458613,62645.0,0.0,C1525221742,1531754.75,1631589.33,0,0
225,CASH_IN,18909.08,C1081266042,9410141.08,9429050.16,C1571292142,31176.07,12266.99,0,0
206,CASH_OUT,84982.67,C1841787255,0.0,0.0,C1379849622,1398666.3,1483648.97,0,0
162,PAYMENT,3654.51,C356985153,843.0,0.0,M1904265988,0.0,0.0,0,0
298,CASH_OUT,157441.46,C520767365,9948.0,0.0,C1928201116,0.0,157441.46,0,0
251,CASH_IN,108761.54,C305733700,29724.0,138485.54,C1639359897,0.0,0.0,0,0
131,CASH_OUT,292147.29,C296737110,0.0,0.0,C1219963985,5729229.51,6021376.79,0,0
302,CASH_IN,246504.51,C1764090131,1845758.91,2092263.41,C1139986945,312927.65,66423.15,0,0
232,CASH_IN,187343.56,C1680796323,4707033.53,4894377.08,C843403906,244469.65,57126.09,0,0
326,CASH_IN,432650.86,C313060126,681.0,433331.86,C1826928981,180859.89,0.0,0,0
306,CASH_OUT,641944.18,C457704981,0.0,0.0,C632255955,1732726.77,2374670.95,0,0
262,PAYMENT,3312.75,C1260300624,49593.0,46280.25,M148079592,0.0,0.0,0,0
210,CASH_OUT,198735.13,C1826067737,46076.71,0.0,C893548422,9489807.26,9688542.38,0,0
348,PAYMENT,24300.85,C574986607,0.0,0.0,M1460417581,0.0,0.0,0,0
189,PAYMENT,5334.19,C1926611619,21361.0,16026.81,M1031834959,0.0,0.0,0,0
232,CASH_OUT,307117.07,C59340824,4088.0,0.0,C1446277536,0.0,307117.07,0,0
284,PAYMENT,8415.15,C960413702,10658.0,2242.85,M33253062,0.0,0.0,0,0
154,CASH_OUT,61532.19,C1922459902,0.0,0.0,C1119866716,68784.85,130317.04,0,0
372,CASH_OUT,270506.28,C1802091429,43013.0,0.0,C11896723,16152673.97,16423180.25,0,0
331,CASH_OUT,223160.37,C1858616702,0.0,0.0,C719108004,900123.36,1123283.73,0,0
203,PAYMENT,1898.4,C533663657,0.0,0.0,M1244890125,0.0,0.0,0,0
230,CASH_IN,61037.72,C711329998,130931.0,191968.72,C89367286,1067469.95,1006432.24,0,0
187,PAYMENT,3734.16,C296700882,0.0,0.0,M1323723182,0.0,0.0,0,0
371,CASH_OUT,69631.06,C1557755893,0.0,0.0,C882872756,3726210.23,3795841.29,0,0
181,CASH_OUT,330118.03,C2118052956,262901.0,0.0,C997545606,0.0,330118.03,0,0
384,CASH_OUT,58320.02,C378550407,12989.03,0.0,C417869882,69309.41,127629.43,0,0
695,CASH_IN,2887.57,C737047799,97405.0,100292.57,C30513900,0.0,0.0,0,0
371,CASH_OUT,40886.55,C2114079873,15603.0,0.0,C2086950547,1612065.51,1652952.06,0,0
181,CASH_IN,56969.44,C189752422,115473.16,172442.6,C1471056196,1272689.62,1215720.18,0,0
154,PAYMENT,3592.95,C810454527,0.0,0.0,M1952362905,0.0,0.0,0,0
303,CASH_OUT,59210.78,C580474199,0.0,0.0,C1615178960,2448420.42,2507631.2,0,0
692,CASH_OUT,382847.46,C1122996884,50112.0,0.0,C1757748273,7816530.14,8199377.6,0,0
238,PAYMENT,7683.41,C190329750,33357.0,25673.59,M927765270,0.0,0.0,0,0
284,CASH_OUT,118974.24,C1599022153,39601.0,0.0,C582109458,60527.5,179501.74,0,0
139,TRANSFER,356883.88,C1170263504,72581.0,0.0,C1923408624,0.0,356883.88,0,0
614,PAYMENT,13538.09,C999638328,132156.0,118617.91,M1091974214,0.0,0.0,0,0
260,PAYMENT,251.35,C1673633367,0.0,0.0,M1654927711,0.0,0.0,0,0
377,PAYMENT,20532.83,C790892763,0.0,0.0,M338284711,0.0,0.0,0,0
500,CASH_OUT,25768.89,C1529657420,22423.0,0.0,C1663855947,235142.06,260910.96,0,0
401,CASH_OUT,17655.38,C1917217805,21533.0,3877.62,C255934580,0.0,17655.38,0,0
376,PAYMENT,14863.96,C1687263945,32552.0,17688.04,M253827204,0.0,0.0,0,0
399,PAYMENT,31835.55,C2082363326,0.0,0.0,M1190858922,0.0,0.0,0,0
373,PAYMENT,699.62,C1160849805,50539.0,49839.38,M1986856072,0.0,0.0,0,0
250,CASH_OUT,137542.25,C1032282252,116319.74,0.0,C2146875526,5395759.46,5533301.71,0,0
381,PAYMENT,2214.95,C1996163702,0.0,0.0,M715697692,0.0,0.0,0,0
381,TRANSFER,150301.32,C290302452,0.0,0.0,C125659029,3050142.2,3200443.52,0,0
402,PAYMENT,23395.42,C522035625,0.0,0.0,M1176581805,0.0,0.0,0,0
347,PAYMENT,30004.18,C2020887776,131741.0,101736.82,M508624662,0.0,0.0,0,0
189,CASH_IN,110896.23,C775310061,9559801.97,9670698.19,C1633955290,244060.51,133164.29,0,0
120,PAYMENT,2033.51,C1734552098,131.0,0.0,M494549624,0.0,0.0,0,0
381,CASH_OUT,256477.17,C713558663,0.0,0.0,C1754244241,2928492.23,3184969.4,0,0
259,PAYMENT,23350.78,C1170940726,19069.0,0.0,M705394523,0.0,0.0,0,0
19,CASH_IN,141228.12,C343353147,62566.0,203794.12,C515197135,689804.34,1300568.05,0,0
10,CASH_OUT,7470.7,C159034834,31469.0,23998.3,C1088012140,78634.0,61924.83,0,0
184,PAYMENT,6490.38,C1121782887,64412.0,57921.62,M567081996,0.0,0.0,0,0
185,CASH_IN,77262.41,C377096973,194201.99,271464.4,C1202195187,2291151.76,2213889.35,0,0
38,CASH_OUT,151690.39,C1043876976,0.0,0.0,C1314990685,154410.78,306101.17,0,0
393,TRANSFER,3066464.51,C232394535,82525.49,0.0,C633898637,3372077.37,6438541.88,0,0
398,CASH_OUT,492977.02,C1722440321,10545.0,0.0,C1349508538,19635.39,512612.41,0,0
372,PAYMENT,15761.04,C1977406584,0.0,0.0,M1087517244,0.0,0.0,0,0
597,PAYMENT,3357.12,C699025142,1034.7,0.0,M640466091,0.0,0.0,0,0
228,CASH_OUT,157048.73,C144325558,0.0,0.0,C1516918990,13870345.57,14027394.3,0,0
202,CASH_OUT,41339.12,C1800022091,0.0,0.0,C232704663,491750.27,533089.39,0,0
349,TRANSFER,358470.04,C838153111,0.0,0.0,C1995930923,398219.08,756689.12,0,0
140,PAYMENT,4021.65,C1277310609,246867.1,242845.45,M21798613,0.0,0.0,0,0
183,PAYMENT,219.48,C806129390,112027.73,111808.25,M1769813236,0.0,0.0,0,0
165,PAYMENT,12766.86,C460662148,91719.77,78952.92,M1720047426,0.0,0.0,0,0
597,CASH_IN,228579.26,C867469266,3455200.65,3683779.9,C1048211674,4949385.52,4720806.26,0,0
351,PAYMENT,17272.5,C73671277,256165.0,238892.5,M1870947499,0.0,0.0,0,0
306,CASH_IN,117146.11,C1061518059,15554770.46,15671916.57,C1406543379,14039525.53,13922379.42,0,0
153,CASH_OUT,382312.75,C1034030393,59755.0,0.0,C1887776116,296013.86,678326.61,0,0
275,CASH_OUT,155901.56,C1007446137,136195.67,0.0,C572421632,306704.07,328560.19,0,0
161,TRANSFER,725616.25,C1662587393,197192.98,0.0,C1039601366,772477.57,1498093.82,0,0
404,CASH_OUT,378444.85,C929772686,0.0,0.0,C1748763225,744730.57,1123175.42,0,0
132,CASH_IN,144757.33,C1825690538,713393.45,858150.79,C465372778,655340.64,510583.31,0,0
164,CASH_IN,167662.72,C1185537131,7123635.74,7291298.46,C1060899148,1338551.25,1170888.52,0,0
383,PAYMENT,171.02,C2038012565,167304.0,167132.98,M1039504304,0.0,0.0,0,0
15,CASH_IN,85347.46,C1439938462,10481760.88,10567108.34,C1881943115,207230.16,121882.7,0,0
373,PAYMENT,1811.79,C769523412,0.0,0.0,M68154970,0.0,0.0,0,0
210,PAYMENT,10718.08,C142910773,108611.0,97892.92,M300633170,0.0,0.0,0,0
37,CASH_OUT,256660.77,C1745342681,0.0,0.0,C1788768048,365098.0,730774.13,0,0
180,PAYMENT,10233.67,C1024635367,11900.0,1666.33,M1305268803,0.0,0.0,0,0
131,CASH_IN,199205.97,C1358914470,33087.0,232292.97,C1877736408,3337428.03,3138222.07,0,0
401,TRANSFER,138166.75,C100583170,0.0,0.0,C1285714662,151431.02,289597.77,0,0
283,CASH_IN,304202.32,C901116155,8288696.87,8592899.19,C687247176,7073302.24,6769099.92,0,0
354,CASH_OUT,74230.82,C1140397964,0.0,0.0,C1106571069,149621.5,223852.32,0,0
15,PAYMENT,8689.97,C360823549,0.0,0.0,M10931001,0.0,0.0,0,0
40,CASH_OUT,166708.98,C2099532772,0.0,0.0,C938060727,8431821.4,8598530.38,0,0
44,CASH_IN,112317.92,C398466171,106023.0,218340.92,C1370336635,11941664.67,11829346.75,0,0
186,CASH_OUT,395126.55,C623730962,223780.0,0.0,C1869117772,756647.08,1151773.63,0,0
163,CASH_OUT,24356.78,C1510793969,2164.0,0.0,C1326454309,0.0,24356.78,0,0
301,CASH_OUT,110097.67,C487396016,0.0,0.0,C13783995,353113.85,463211.52,0,0
329,CASH_OUT,11069.37,C45622543,20890.0,9820.63,C1779899408,0.0,11069.37,0,0
302,CASH_OUT,75118.33,C1377511881,0.0,0.0,C2018278824,764195.4,839313.73,0,0
186,PAYMENT,5587.09,C299601516,0.0,0.0,M197861838,0.0,0.0,0,0
346,PAYMENT,6024.36,C2008011282,0.0,0.0,M226844741,0.0,0.0,0,0
138,PAYMENT,9976.8,C1044015193,122917.33,112940.53,M2142473614,0.0,0.0,0,0
284,PAYMENT,22878.14,C1185312306,205863.0,182984.86,M1597522549,0.0,0.0,0,0
17,CASH_IN,58501.19,C509899739,2685719.1,2744220.29,C1933493703,71286.71,12785.52,0,0
282,CASH_OUT,37569.11,C1152930558,966.0,0.0,C2081551992,520836.15,558405.27,0,0
330,CASH_IN,105000.85,C473149987,11670925.22,11775926.07,C1292396825,687723.63,582722.78,0,0
185,PAYMENT,6682.61,C2005571992,30137.0,23454.39,M496168334,0.0,0.0,0,0
188,TRANSFER,204156.54,C1746374630,0.0,0.0,C2072053179,1325599.08,1675227.82,0,0
305,CASH_OUT,236886.87,C539395886,0.0,0.0,C59007865,1052641.14,1289528.0,0,0
9,PAYMENT,778.51,C1668537253,0.0,0.0,M860169072,0.0,0.0,0,0
326,PAYMENT,6425.16,C171513212,7013.0,587.84,M1838516703,0.0,0.0,0,0
347,CASH_OUT,474952.08,C273468838,0.0,0.0,C143115047,1574761.56,2049713.64,0,0
231,CASH_OUT,381404.66,C41908939,0.0,0.0,C1999760564,975826.82,1464108.09,0,0
279,PAYMENT,9046.17,C1039744763,30882.0,21835.83,M1234969230,0.0,0.0,0,0
187,PAYMENT,19461.95,C240740910,7591.02,0.0,M759254592,0.0,0.0,0,0
155,CASH_IN,61788.06,C175382553,5141472.25,5203260.32,C520011265,916232.99,854444.93,0,0
321,CASH_OUT,171113.52,C1792275323,1832.0,0.0,C615549350,292000.85,463114.37,0,0
325,TRANSFER,502052.37,C1299153790,45115.0,0.0,C2038107894,0.0,502052.37,0,0
284,CASH_OUT,182557.71,C452343918,0.0,0.0,C1437671102,2283556.47,2466114.18,0,0
179,CASH_OUT,55918.51,C1735049064,0.0,0.0,C368001423,672013.85,727932.36,0,0
277,PAYMENT,7955.7,C1556813716,0.0,0.0,M1892543598,0.0,0.0,0,0
131,PAYMENT,14741.84,C1712847246,99397.0,84655.16,M2127875974,0.0,0.0,0,0
156,CASH_IN,62067.87,C1394310523,52568.0,114635.87,C411611803,263686.16,201618.29,0,0
177,CASH_OUT,156186.56,C528055903,0.0,0.0,C1347594548,2005130.74,1831926.01,0,0
705,TRANSFER,636014.23,C339246427,0.0,0.0,C903707761,795048.06,1431062.29,0,0
353,CASH_IN,517109.28,C27779160,1754096.83,2271206.11,C956338890,4783658.94,4266549.66,0,0
119,PAYMENT,2978.34,C1157857507,101700.0,98721.66,M806156389,0.0,0.0,0,0
137,CASH_OUT,139066.16,C870545412,11284.0,0.0,C383505908,0.0,139066.16,0,0
13,TRANSFER,278343.32,C66102846,0.0,0.0,C822503864,1119599.67,1397942.99,0,0
380,CASH_OUT,210071.18,C2009315682,29427.0,0.0,C1750620092,69081.56,279152.74,0,0
35,PAYMENT,49503.88,C506621551,0.0,0.0,M1706091207,0.0,0.0,0,0
18,PAYMENT,13626.67,C49663937,101581.15,87954.48,M1178895992,0.0,0.0,0,0
346,PAYMENT,6686.5,C147452757,347.0,0.0,M596759798,0.0,0.0,0,0
404,TRANSFER,190564.92,C1835011705,2320.2,0.0,C1894726115,4098627.47,4289192.4,0,0
589,PAYMENT,2286.71,C1165536035,0.0,0.0,M1931486885,0.0,0.0,0,0
286,PAYMENT,2270.71,C1102248897,10019.0,7748.29,M267983329,0.0,0.0,0,0
140,PAYMENT,9429.08,C815719843,13234.99,3805.92,M1172237343,0.0,0.0,0,0
401,CASH_OUT,33797.72,C1925357632,251694.0,217896.28,C388689588,636928.28,670726.0,0,0
204,PAYMENT,7758.39,C34994024,13736.96,5978.57,M977426431,0.0,0.0,0,0
131,TRANSFER,817184.05,C1762358882,55433.0,0.0,C1325930160,6456145.05,7273329.11,0,0
11,PAYMENT,10131.66,C1161573928,54384.0,44252.34,M1881893536,0.0,0.0,0,0
18,PAYMENT,1743.88,C1310624270,0.0,0.0,M668342899,0.0,0.0,0,0
9,CASH_OUT,99886.81,C1456630673,4769.0,0.0,C18132216,570.0,100456.81,0,0
132,CASH_OUT,97083.18,C2023572643,0.0,0.0,C1545677054,141025.99,238109.17,0,0
306,PAYMENT,4236.93,C1510185279,240229.04,235992.11,M1322589617,0.0,0.0,0,0
44,PAYMENT,12990.18,C684934085,11673.0,0.0,M1219268036,0.0,0.0,0,0
11,CASH_OUT,129505.3,C953904831,11315.0,0.0,C2116285782,700661.02,1397717.72,0,0
161,CASH_OUT,396877.34,C232891813,0.0,0.0,C347377186,3302491.02,3699368.36,0,0
133,CASH_OUT,168517.12,C1733586498,50852.0,0.0,C623156820,0.0,318720.28,0,0
163,PAYMENT,16027.81,C887299639,535013.0,518985.19,M2123393355,0.0,0.0,0,0
44,PAYMENT,9008.09,C446130697,133.0,0.0,M1171471499,0.0,0.0,0,0
239,CASH_OUT,235994.19,C580843754,0.0,0.0,C225052592,1194789.13,1430783.32,0,0
328,CASH_IN,318367.7,C253534299,5073.0,323440.7,C469578998,0.0,0.0,0,0
309,TRANSFER,223075.41,C1610396487,24891.0,0.0,C1407986077,34439.18,257514.59,0,0
39,PAYMENT,5193.32,C1171783005,295.0,0.0,M2027364210,0.0,0.0,0,0
189,CASH_IN,271736.48,C1204132626,1349390.28,1621126.76,C559483106,5453784.21,5182047.73,0,0
134,PAYMENT,5524.34,C1327328030,0.0,0.0,M1216066582,0.0,0.0,0,0
301,PAYMENT,18283.65,C1826778973,0.0,0.0,M1653649388,0.0,0.0,0,0
258,CASH_OUT,381908.09,C219612147,596.0,0.0,C404861711,13712.14,395620.23,0,0
281,PAYMENT,9294.8,C1611819983,35686.05,26391.25,M189270645,0.0,0.0,0,0
211,CASH_IN,146423.79,C1439126717,2173656.52,2320080.31,C2022245888,539454.01,393030.22,0,0
202,PAYMENT,8521.23,C908879593,401316.0,392794.77,M1697867809,0.0,0.0,0,0
408,PAYMENT,1824.31,C1981155491,2625.0,800.69,M521505900,0.0,0.0,0,0
397,PAYMENT,32117.11,C1651122426,0.0,0.0,M2037729978,0.0,0.0,0,0
335,CASH_IN,230072.39,C1516823881,1758788.23,1988860.62,C1506814524,531188.76,301116.36,0,0
275,CASH_IN,134331.31,C1290478221,7570431.88,7704763.19,C1131128312,379042.83,244711.52,0,0
357,CASH_OUT,500952.28,C686665312,0.0,0.0,C1031714611,2095859.88,2596812.16,0,0
276,CASH_OUT,84220.26,C189214048,0.0,0.0,C1644667402,8753563.21,8837783.47,0,0
14,PAYMENT,28438.81,C1129741796,0.0,0.0,M125660220,0.0,0.0,0,0
301,PAYMENT,4824.19,C568174827,9438.0,4613.81,M1801233171,0.0,0.0,0,0
159,PAYMENT,17281.52,C772852543,0.0,0.0,M128376746,0.0,0.0,0,0
304,PAYMENT,7468.2,C1606128981,0.0,0.0,M1455173576,0.0,0.0,0,0
310,PAYMENT,21048.01,C18842242,20559.0,0.0,M1880377766,0.0,0.0,0,0
17,TRANSFER,905686.95,C575632849,134.0,0.0,C1563089237,120912.73,1026599.68,0,0
154,PAYMENT,5075.43,C1113241235,142868.0,137792.57,M751644759,0.0,0.0,0,0
215,TRANSFER,132022.42,C2024833915,5560.0,0.0,C127736405,0.0,132022.42,0,0
213,CASH_IN,180760.31,C314676319,14121.0,194881.31,C879979419,0.0,0.0,0,0
402,CASH_IN,279345.93,C1713329886,7090345.44,7369691.37,C1876733199,496382.0,158288.21,0,0
8,CASH_OUT,269599.3,C1410965624,1601670.97,1332071.67,C1166654566,735835.14,851662.52,0,0
210,CASH_OUT,43682.88,C2030360240,113335.4,69652.52,C1278667600,952721.63,996404.51,0,0
309,PAYMENT,22792.55,C1105601355,22186.0,0.0,M1731469433,0.0,0.0,0,0
189,PAYMENT,6043.45,C2054551409,30951.0,24907.55,M1532761772,0.0,0.0,0,0
354,PAYMENT,6190.18,C1522018631,0.0,0.0,M169899393,0.0,0.0,0,0
14,TRANSFER,521152.28,C2101858517,0.0,0.0,C1317879563,6059175.76,7239467.73,0,0
297,CASH_OUT,364402.71,C377524705,0.0,0.0,C1331076078,1471690.8,1836093.5,0,0
204,CASH_OUT,218859.57,C158889026,59557.0,0.0,C1525090409,0.0,218859.57,0,0
9,CASH_OUT,105768.56,C416807786,54914.0,0.0,C1229849062,49913.0,57554.25,0,0
96,PAYMENT,229.52,C703209636,418222.0,417992.48,M1884030941,0.0,0.0,0,0
327,PAYMENT,7186.69,C2089322778,0.0,0.0,M991902602,0.0,0.0,0,0
12,CASH_OUT,25333.63,C354326187,0.0,0.0,C1900645000,3243775.32,3357196.39,0,0
254,CASH_OUT,133072.37,C680952406,21353.0,0.0,C1113171889,468146.33,601218.7,0,0
303,CASH_OUT,213541.32,C595420819,26557.0,0.0,C1286591549,284641.93,498183.25,0,0
276,CASH_OUT,38791.59,C1737307690,0.0,0.0,C1952034932,1209396.15,1248187.74,0,0
226,CASH_IN,270784.75,C609004509,4613114.44,4883899.19,C2133836869,401591.44,130806.69,0,0
205,CASH_OUT,397145.45,C527806576,0.0,0.0,C1215030565,14366362.68,14763508.13,0,0
380,CASH_OUT,128382.75,C338914804,0.0,0.0,C83069738,534238.4,662621.15,0,0
321,PAYMENT,27587.59,C1488270956,0.0,0.0,M208060561,0.0,0.0,0,0
303,CASH_IN,14652.71,C1248401450,789102.44,803755.15,C1593162543,15309.2,656.5,0,0
202,CASH_IN,20475.79,C2136734302,5570800.13,5591275.92,C769360859,127617.89,107142.1,0,0
321,CASH_OUT,155544.46,C1047150437,0.0,0.0,C376257691,597796.36,753340.82,0,0
256,CASH_OUT,30270.25,C1465594191,2080.0,0.0,C1562954170,4652203.26,4682473.51,0,0
156,CASH_OUT,162085.62,C1579653925,31452.0,0.0,C769858588,0.0,162085.62,0,0
210,CASH_OUT,151551.28,C1580015940,0.0,0.0,C968365875,460307.97,611859.25,0,0
378,CASH_IN,367559.08,C1170983772,115382.0,482941.08,C1192418195,4588964.3,4221405.22,0,0
165,CASH_OUT,202890.93,C1349997491,0.0,0.0,C279409221,908417.33,1111308.25,0,0
284,CASH_OUT,94892.89,C820550518,10119.0,0.0,C1297204973,872404.58,967297.47,0,0
178,CASH_IN,83272.95,C1720269948,5046929.7,5130202.65,C1929496638,2022032.92,1725178.67,0,0
357,PAYMENT,4954.17,C704051445,257476.0,252521.83,M341167706,0.0,0.0,0,0
400,CASH_OUT,19396.45,C1054531744,0.0,0.0,C327760565,7700549.6,7719946.05,0,0
408,CASH_OUT,82365.83,C1735009989,20977.93,0.0,C1455174892,5096117.94,5178483.77,0,0
42,CASH_OUT,396077.22,C179887338,12012.0,0.0,C313498169,0.0,396077.22,0,0
326,CASH_IN,353915.37,C322185924,1448920.7,1802836.07,C1577826863,9597168.35,9243252.98,0,0
186,CASH_OUT,63126.43,C1413149904,14149.06,0.0,C684100282,1310181.5,1373307.93,0,0
301,PAYMENT,4963.66,C793572359,0.0,0.0,M268074952,0.0,0.0,0,0
